state_name,is_state,year,category,type,gender,age_16_18,age_18_30,age_30_50,age_50_above,Total
"A & N Islands",0,2001,Foreigners,Convicts,Female,0,0,0,0,0
"A & N Islands",0,2001,Foreigners,Convicts,Male,0,12,139,2,153
"A & N Islands",0,2001,Foreigners,Detenus,Female,0,0,0,0,0
"A & N Islands",0,2001,Foreigners,Detenus,Male,0,0,0,0,0
"A & N Islands",0,2001,Foreigners,Others,Female,0,0,0,0,0
"A & N Islands",0,2001,Foreigners,Others,Male,0,0,0,0,0
"A & N Islands",0,2001,Foreigners,"Under Trials",Female,0,0,0,0,0
"A & N Islands",0,2001,Foreigners,"Under Trials",Male,0,61,47,5,113
"A & N Islands",0,2001,Indians,Convicts,Female,0,0,3,0,3
"A & N Islands",0,2001,Indians,Convicts,Male,0,18,38,5,61
"A & N Islands",0,2001,Indians,Detenus,Female,0,0,0,0,0
"A & N Islands",0,2001,Indians,Detenus,Male,0,0,0,0,0
"A & N Islands",0,2001,Indians,Others,Female,0,0,0,0,0
"A & N Islands",0,2001,Indians,Others,Male,0,0,0,0,0
"A & N Islands",0,2001,Indians,"Under Trials",Female,0,1,0,0,1
"A & N Islands",0,2001,Indians,"Under Trials",Male,0,16,32,4,52
"A & N Islands",0,2002,Foreigners,Convicts,Female,0,0,0,0,0
"A & N Islands",0,2002,Foreigners,Convicts,Male,0,10,55,3,68
"A & N Islands",0,2002,Foreigners,Detenus,Female,0,0,0,0,0
"A & N Islands",0,2002,Foreigners,Detenus,Male,0,0,0,0,0
"A & N Islands",0,2002,Foreigners,Others,Female,0,0,0,0,0
"A & N Islands",0,2002,Foreigners,Others,Male,0,0,0,0,0
"A & N Islands",0,2002,Foreigners,"Under Trials",Female,0,0,0,0,0
"A & N Islands",0,2002,Foreigners,"Under Trials",Male,0,75,41,5,121
"A & N Islands",0,2002,Indians,Convicts,Female,0,0,3,1,4
"A & N Islands",0,2002,Indians,Convicts,Male,0,24,36,5,65
"A & N Islands",0,2002,Indians,Detenus,Female,0,0,0,0,0
"A & N Islands",0,2002,Indians,Detenus,Male,0,0,0,0,0
"A & N Islands",0,2002,Indians,Others,Female,0,0,0,0,0
"A & N Islands",0,2002,Indians,Others,Male,0,0,0,0,0
"A & N Islands",0,2002,Indians,"Under Trials",Female,0,2,2,0,4
"A & N Islands",0,2002,Indians,"Under Trials",Male,0,29,33,7,69
"A & N Islands",0,2003,Foreigners,Convicts,Female,0,0,0,0,0
"A & N Islands",0,2003,Foreigners,Convicts,Male,0,14,9,0,23
"A & N Islands",0,2003,Foreigners,Detenus,Female,0,0,0,0,0
"A & N Islands",0,2003,Foreigners,Detenus,Male,0,0,0,0,0
"A & N Islands",0,2003,Foreigners,Others,Female,0,0,0,0,0
"A & N Islands",0,2003,Foreigners,Others,Male,0,0,0,0,0
"A & N Islands",0,2003,Foreigners,"Under Trials",Female,0,0,0,0,0
"A & N Islands",0,2003,Foreigners,"Under Trials",Male,0,80,29,2,111
"A & N Islands",0,2003,Indians,Convicts,Female,0,2,0,0,2
"A & N Islands",0,2003,Indians,Convicts,Male,0,37,27,3,67
"A & N Islands",0,2003,Indians,Detenus,Female,0,0,0,0,0
"A & N Islands",0,2003,Indians,Detenus,Male,0,0,0,0,0
"A & N Islands",0,2003,Indians,Others,Female,0,0,0,0,0
"A & N Islands",0,2003,Indians,Others,Male,0,0,0,0,0
"A & N Islands",0,2003,Indians,"Under Trials",Female,0,0,1,0,1
"A & N Islands",0,2003,Indians,"Under Trials",Male,0,48,40,4,92
"A & N Islands",0,2004,Foreigners,Convicts,Female,0,0,0,0,0
"A & N Islands",0,2004,Foreigners,Convicts,Male,0,0,0,0,0
"A & N Islands",0,2004,Foreigners,Detenus,Female,0,0,0,0,0
"A & N Islands",0,2004,Foreigners,Detenus,Male,0,0,0,0,0
"A & N Islands",0,2004,Foreigners,Others,Female,0,0,0,0,0
"A & N Islands",0,2004,Foreigners,Others,Male,0,0,0,0,0
"A & N Islands",0,2004,Foreigners,"Under Trials",Female,0,0,0,0,0
"A & N Islands",0,2004,Foreigners,"Under Trials",Male,0,49,17,2,68
"A & N Islands",0,2004,Indians,Convicts,Female,0,2,0,0,2
"A & N Islands",0,2004,Indians,Convicts,Male,0,28,26,0,54
"A & N Islands",0,2004,Indians,Detenus,Female,0,0,0,0,0
"A & N Islands",0,2004,Indians,Detenus,Male,0,0,0,0,0
"A & N Islands",0,2004,Indians,Others,Female,0,0,0,0,0
"A & N Islands",0,2004,Indians,Others,Male,0,0,0,0,0
"A & N Islands",0,2004,Indians,"Under Trials",Female,0,0,1,0,1
"A & N Islands",0,2004,Indians,"Under Trials",Male,0,41,51,4,96
"A & N Islands",0,2005,Foreigners,Convicts,Female,0,0,0,0,0
"A & N Islands",0,2005,Foreigners,Convicts,Male,0,0,0,1,1
"A & N Islands",0,2005,Foreigners,Detenus,Female,0,0,0,0,0
"A & N Islands",0,2005,Foreigners,Detenus,Male,0,0,0,0,0
"A & N Islands",0,2005,Foreigners,Others,Female,0,0,0,0,0
"A & N Islands",0,2005,Foreigners,Others,Male,0,0,0,0,0
"A & N Islands",0,2005,Foreigners,"Under Trials",Female,0,0,0,0,0
"A & N Islands",0,2005,Foreigners,"Under Trials",Male,0,50,40,0,90
"A & N Islands",0,2005,Indians,Convicts,Female,0,0,1,0,1
"A & N Islands",0,2005,Indians,Convicts,Male,0,12,40,12,64
"A & N Islands",0,2005,Indians,Detenus,Female,0,0,0,0,0
"A & N Islands",0,2005,Indians,Detenus,Male,0,0,0,0,0
"A & N Islands",0,2005,Indians,Others,Female,0,0,0,0,0
"A & N Islands",0,2005,Indians,Others,Male,0,0,0,0,0
"A & N Islands",0,2005,Indians,"Under Trials",Female,0,0,3,0,3
"A & N Islands",0,2005,Indians,"Under Trials",Male,0,30,31,4,65
"A & N Islands",0,2006,Foreigners,Convicts,Female,0,0,0,0,0
"A & N Islands",0,2006,Foreigners,Convicts,Male,0,9,15,0,24
"A & N Islands",0,2006,Foreigners,Detenus,Female,0,0,0,0,0
"A & N Islands",0,2006,Foreigners,Detenus,Male,0,0,0,0,0
"A & N Islands",0,2006,Foreigners,Others,Female,0,0,0,0,0
"A & N Islands",0,2006,Foreigners,Others,Male,0,0,0,0,0
"A & N Islands",0,2006,Foreigners,"Under Trials",Female,0,0,0,0,0
"A & N Islands",0,2006,Foreigners,"Under Trials",Male,0,110,68,0,178
"A & N Islands",0,2006,Indians,Convicts,Female,0,0,1,0,1
"A & N Islands",0,2006,Indians,Convicts,Male,0,10,39,7,56
"A & N Islands",0,2006,Indians,Detenus,Female,0,0,0,0,0
"A & N Islands",0,2006,Indians,Detenus,Male,0,0,0,0,0
"A & N Islands",0,2006,Indians,Others,Female,0,0,0,0,0
"A & N Islands",0,2006,Indians,Others,Male,0,0,0,0,0
"A & N Islands",0,2006,Indians,"Under Trials",Female,0,0,1,0,1
"A & N Islands",0,2006,Indians,"Under Trials",Male,0,38,41,7,86
"A & N Islands",0,2007,Foreigners,Convicts,Female,0,0,0,0,0
"A & N Islands",0,2007,Foreigners,Convicts,Male,0,21,7,0,28
"A & N Islands",0,2007,Foreigners,Detenus,Female,0,0,0,0,0
"A & N Islands",0,2007,Foreigners,Detenus,Male,0,0,0,0,0
"A & N Islands",0,2007,Foreigners,Others,Female,0,0,0,0,0
"A & N Islands",0,2007,Foreigners,Others,Male,0,0,0,0,0
"A & N Islands",0,2007,Foreigners,"Under Trials",Female,0,0,0,0,0
"A & N Islands",0,2007,Foreigners,"Under Trials",Male,0,146,110,0,256
"A & N Islands",0,2007,Indians,Convicts,Female,0,0,1,0,1
"A & N Islands",0,2007,Indians,Convicts,Male,0,16,40,3,59
"A & N Islands",0,2007,Indians,Detenus,Female,0,0,0,0,0
"A & N Islands",0,2007,Indians,Detenus,Male,0,0,0,0,0
"A & N Islands",0,2007,Indians,Others,Female,0,0,0,0,0
"A & N Islands",0,2007,Indians,Others,Male,0,0,0,0,0
"A & N Islands",0,2007,Indians,"Under Trials",Female,0,0,1,0,1
"A & N Islands",0,2007,Indians,"Under Trials",Male,0,35,28,5,68
"A & N Islands",0,2008,Foreigners,Convicts,Female,0,0,0,0,0
"A & N Islands",0,2008,Foreigners,Convicts,Male,0,11,6,2,19
"A & N Islands",0,2008,Foreigners,Detenus,Female,0,0,0,0,0
"A & N Islands",0,2008,Foreigners,Detenus,Male,0,0,0,0,0
"A & N Islands",0,2008,Foreigners,Others,Female,0,0,0,0,0
"A & N Islands",0,2008,Foreigners,Others,Male,0,0,0,0,0
"A & N Islands",0,2008,Foreigners,"Under Trials",Female,0,0,0,0,0
"A & N Islands",0,2008,Foreigners,"Under Trials",Male,0,28,21,1,50
"A & N Islands",0,2008,Indians,Convicts,Female,0,0,0,0,0
"A & N Islands",0,2008,Indians,Convicts,Male,0,6,36,7,49
"A & N Islands",0,2008,Indians,Detenus,Female,0,0,0,0,0
"A & N Islands",0,2008,Indians,Detenus,Male,0,0,0,0,0
"A & N Islands",0,2008,Indians,Others,Female,0,0,0,0,0
"A & N Islands",0,2008,Indians,Others,Male,0,0,0,0,0
"A & N Islands",0,2008,Indians,"Under Trials",Female,0,0,0,0,0
"A & N Islands",0,2008,Indians,"Under Trials",Male,0,39,62,2,103
"A & N Islands",0,2009,Foreigners,Convicts,Female,0,0,0,0,0
"A & N Islands",0,2009,Foreigners,Convicts,Male,0,0,0,0,0
"A & N Islands",0,2009,Foreigners,Detenus,Female,0,0,0,0,0
"A & N Islands",0,2009,Foreigners,Detenus,Male,0,0,0,0,0
"A & N Islands",0,2009,Foreigners,Others,Female,0,0,0,0,0
"A & N Islands",0,2009,Foreigners,Others,Male,0,0,0,0,0
"A & N Islands",0,2009,Foreigners,"Under Trials",Female,0,0,0,0,0
"A & N Islands",0,2009,Foreigners,"Under Trials",Male,0,48,54,3,105
"A & N Islands",0,2009,Indians,Convicts,Female,0,0,0,0,0
"A & N Islands",0,2009,Indians,Convicts,Male,0,5,36,7,48
"A & N Islands",0,2009,Indians,Detenus,Female,0,0,0,0,0
"A & N Islands",0,2009,Indians,Detenus,Male,0,0,0,0,0
"A & N Islands",0,2009,Indians,Others,Female,0,0,0,0,0
"A & N Islands",0,2009,Indians,Others,Male,0,0,0,0,0
"A & N Islands",0,2009,Indians,"Under Trials",Female,0,0,0,0,0
"A & N Islands",0,2009,Indians,"Under Trials",Male,0,21,49,5,75
"A & N Islands",0,2010,Foreigners,Convicts,Female,0,0,0,0,0
"A & N Islands",0,2010,Foreigners,Convicts,Male,0,17,46,9,72
"A & N Islands",0,2010,Foreigners,Detenus,Female,0,0,0,0,0
"A & N Islands",0,2010,Foreigners,Detenus,Male,0,0,0,0,0
"A & N Islands",0,2010,Foreigners,Others,Female,0,0,0,0,0
"A & N Islands",0,2010,Foreigners,Others,Male,0,0,0,0,0
"A & N Islands",0,2010,Foreigners,"Under Trials",Female,0,0,0,0,0
"A & N Islands",0,2010,Foreigners,"Under Trials",Male,0,227,246,21,494
"A & N Islands",0,2010,Indians,Convicts,Female,0,0,0,0,0
"A & N Islands",0,2010,Indians,Convicts,Male,0,7,39,11,57
"A & N Islands",0,2010,Indians,Detenus,Female,0,0,0,0,0
"A & N Islands",0,2010,Indians,Detenus,Male,0,0,0,0,0
"A & N Islands",0,2010,Indians,Others,Female,0,0,0,0,0
"A & N Islands",0,2010,Indians,Others,Male,0,0,0,0,0
"A & N Islands",0,2010,Indians,"Under Trials",Female,0,0,2,0,2
"A & N Islands",0,2010,Indians,"Under Trials",Male,0,27,29,7,63
"A & N Islands",0,2011,Foreigners,Convicts,Female,0,0,0,0,0
"A & N Islands",0,2011,Foreigners,Convicts,Male,0,90,210,57,357
"A & N Islands",0,2011,Foreigners,Detenus,Female,0,0,0,0,0
"A & N Islands",0,2011,Foreigners,Detenus,Male,0,0,0,0,0
"A & N Islands",0,2011,Foreigners,Others,Female,0,0,0,0,0
"A & N Islands",0,2011,Foreigners,Others,Male,0,0,0,0,0
"A & N Islands",0,2011,Foreigners,"Under Trials",Female,0,0,1,0,1
"A & N Islands",0,2011,Foreigners,"Under Trials",Male,0,220,314,54,588
"A & N Islands",0,2011,Indians,Convicts,Female,0,0,0,0,0
"A & N Islands",0,2011,Indians,Convicts,Male,0,6,34,18,58
"A & N Islands",0,2011,Indians,Detenus,Female,0,0,0,0,0
"A & N Islands",0,2011,Indians,Detenus,Male,0,0,0,0,0
"A & N Islands",0,2011,Indians,Others,Female,0,0,0,0,0
"A & N Islands",0,2011,Indians,Others,Male,0,0,0,0,0
"A & N Islands",0,2011,Indians,"Under Trials",Female,0,2,3,1,6
"A & N Islands",0,2011,Indians,"Under Trials",Male,0,33,52,24,109
"A & N Islands",0,2012,Foreigners,Convicts,Female,0,0,0,0,0
"A & N Islands",0,2012,Foreigners,Convicts,Male,0,172,401,132,705
"A & N Islands",0,2012,Foreigners,Detenus,Female,0,0,0,0,0
"A & N Islands",0,2012,Foreigners,Detenus,Male,0,0,0,0,0
"A & N Islands",0,2012,Foreigners,Others,Female,0,0,0,0,0
"A & N Islands",0,2012,Foreigners,Others,Male,0,0,0,0,0
"A & N Islands",0,2012,Foreigners,"Under Trials",Female,0,0,1,0,1
"A & N Islands",0,2012,Foreigners,"Under Trials",Male,0,98,129,37,264
"A & N Islands",0,2012,Indians,Convicts,Female,0,0,0,0,0
"A & N Islands",0,2012,Indians,Convicts,Male,0,8,25,22,55
"A & N Islands",0,2012,Indians,Detenus,Female,0,0,0,0,0
"A & N Islands",0,2012,Indians,Detenus,Male,0,0,0,0,0
"A & N Islands",0,2012,Indians,Others,Female,0,0,0,0,0
"A & N Islands",0,2012,Indians,Others,Male,0,0,0,0,0
"A & N Islands",0,2012,Indians,"Under Trials",Female,0,6,2,0,8
"A & N Islands",0,2012,Indians,"Under Trials",Male,0,27,46,20,93
"A & N Islands",0,2013,Foreigners,Convicts,Female,0,0,0,0,0
"A & N Islands",0,2013,Foreigners,Convicts,Male,0,257,573,68,898
"A & N Islands",0,2013,Foreigners,Detenus,Female,0,0,0,0,0
"A & N Islands",0,2013,Foreigners,Detenus,Male,0,0,0,0,0
"A & N Islands",0,2013,Foreigners,Others,Female,0,0,0,0,0
"A & N Islands",0,2013,Foreigners,Others,Male,0,0,0,0,0
"A & N Islands",0,2013,Foreigners,"Under Trials",Female,0,0,1,0,1
"A & N Islands",0,2013,Foreigners,"Under Trials",Male,0,41,57,11,109
"A & N Islands",0,2013,Indians,Convicts,Female,0,0,1,0,1
"A & N Islands",0,2013,Indians,Convicts,Male,0,11,35,11,57
"A & N Islands",0,2013,Indians,Detenus,Female,0,0,0,0,0
"A & N Islands",0,2013,Indians,Detenus,Male,0,0,0,0,0
"A & N Islands",0,2013,Indians,Others,Female,0,0,0,0,0
"A & N Islands",0,2013,Indians,Others,Male,0,0,0,0,0
"A & N Islands",0,2013,Indians,"Under Trials",Female,0,6,0,0,6
"A & N Islands",0,2013,Indians,"Under Trials",Male,0,41,26,10,77
"Andhra Pradesh",1,2001,Foreigners,Convicts,Female,0,0,0,0,0
"Andhra Pradesh",1,2001,Foreigners,Convicts,Male,0,1,2,0,3
"Andhra Pradesh",1,2001,Foreigners,Detenus,Female,0,0,1,0,1
"Andhra Pradesh",1,2001,Foreigners,Detenus,Male,0,0,0,0,0
"Andhra Pradesh",1,2001,Foreigners,Others,Female,0,0,0,0,0
"Andhra Pradesh",1,2001,Foreigners,Others,Male,0,0,0,0,0
"Andhra Pradesh",1,2001,Foreigners,"Under Trials",Female,0,0,0,0,0
"Andhra Pradesh",1,2001,Foreigners,"Under Trials",Male,0,6,6,0,12
"Andhra Pradesh",1,2001,Indians,Convicts,Female,0,28,50,24,102
"Andhra Pradesh",1,2001,Indians,Convicts,Male,5,1638,2085,388,4116
"Andhra Pradesh",1,2001,Indians,Detenus,Female,0,0,0,0,0
"Andhra Pradesh",1,2001,Indians,Detenus,Male,0,3,1,0,4
"Andhra Pradesh",1,2001,Indians,Others,Female,0,0,0,0,0
"Andhra Pradesh",1,2001,Indians,Others,Male,0,0,14,8,22
"Andhra Pradesh",1,2001,Indians,"Under Trials",Female,2,194,249,37,482
"Andhra Pradesh",1,2001,Indians,"Under Trials",Male,138,4142,3580,488,8348
"Andhra Pradesh",1,2002,Foreigners,Convicts,Female,0,0,0,0,0
"Andhra Pradesh",1,2002,Foreigners,Convicts,Male,0,4,0,0,4
"Andhra Pradesh",1,2002,Foreigners,Detenus,Female,0,0,0,0,0
"Andhra Pradesh",1,2002,Foreigners,Detenus,Male,0,0,0,0,0
"Andhra Pradesh",1,2002,Foreigners,Others,Female,0,0,0,0,0
"Andhra Pradesh",1,2002,Foreigners,Others,Male,0,0,0,0,0
"Andhra Pradesh",1,2002,Foreigners,"Under Trials",Female,0,0,0,0,0
"Andhra Pradesh",1,2002,Foreigners,"Under Trials",Male,0,0,2,0,2
"Andhra Pradesh",1,2002,Indians,Convicts,Female,0,44,71,36,151
"Andhra Pradesh",1,2002,Indians,Convicts,Male,3,1982,2292,440,4717
"Andhra Pradesh",1,2002,Indians,Detenus,Female,0,0,0,0,0
"Andhra Pradesh",1,2002,Indians,Detenus,Male,0,0,2,0,2
"Andhra Pradesh",1,2002,Indians,Others,Female,0,0,0,0,0
"Andhra Pradesh",1,2002,Indians,Others,Male,0,0,0,0,0
"Andhra Pradesh",1,2002,Indians,"Under Trials",Female,2,230,266,59,557
"Andhra Pradesh",1,2002,Indians,"Under Trials",Male,56,3908,3446,580,7990
"Andhra Pradesh",1,2003,Foreigners,Convicts,Female,0,0,0,0,0
"Andhra Pradesh",1,2003,Foreigners,Convicts,Male,0,0,1,0,1
"Andhra Pradesh",1,2003,Foreigners,Detenus,Female,0,0,0,0,0
"Andhra Pradesh",1,2003,Foreigners,Detenus,Male,0,0,0,0,0
"Andhra Pradesh",1,2003,Foreigners,Others,Female,0,0,0,0,0
"Andhra Pradesh",1,2003,Foreigners,Others,Male,0,0,0,0,0
"Andhra Pradesh",1,2003,Foreigners,"Under Trials",Female,0,2,0,1,3
"Andhra Pradesh",1,2003,Foreigners,"Under Trials",Male,0,3,0,0,3
"Andhra Pradesh",1,2003,Indians,Convicts,Female,0,53,73,46,172
"Andhra Pradesh",1,2003,Indians,Convicts,Male,0,1911,2434,629,4974
"Andhra Pradesh",1,2003,Indians,Detenus,Female,0,0,0,0,0
"Andhra Pradesh",1,2003,Indians,Detenus,Male,0,5,10,3,18
"Andhra Pradesh",1,2003,Indians,Others,Female,0,0,0,0,0
"Andhra Pradesh",1,2003,Indians,Others,Male,0,0,0,0,0
"Andhra Pradesh",1,2003,Indians,"Under Trials",Female,0,195,279,64,538
"Andhra Pradesh",1,2003,Indians,"Under Trials",Male,4,4125,3751,495,8375
"Andhra Pradesh",1,2004,Foreigners,Convicts,Female,0,0,0,0,0
"Andhra Pradesh",1,2004,Foreigners,Convicts,Male,0,0,0,0,0
"Andhra Pradesh",1,2004,Foreigners,Detenus,Female,0,0,0,0,0
"Andhra Pradesh",1,2004,Foreigners,Detenus,Male,0,0,0,0,0
"Andhra Pradesh",1,2004,Foreigners,Others,Female,0,0,0,0,0
"Andhra Pradesh",1,2004,Foreigners,Others,Male,0,0,0,0,0
"Andhra Pradesh",1,2004,Foreigners,"Under Trials",Female,0,1,0,0,1
"Andhra Pradesh",1,2004,Foreigners,"Under Trials",Male,0,1,3,0,4
"Andhra Pradesh",1,2004,Indians,Convicts,Female,0,53,100,44,197
"Andhra Pradesh",1,2004,Indians,Convicts,Male,0,1761,2387,420,4568
"Andhra Pradesh",1,2004,Indians,Detenus,Female,0,0,9,0,9
"Andhra Pradesh",1,2004,Indians,Detenus,Male,0,6,20,3,29
"Andhra Pradesh",1,2004,Indians,Others,Female,0,0,0,0,0
"Andhra Pradesh",1,2004,Indians,Others,Male,0,0,0,0,0
"Andhra Pradesh",1,2004,Indians,"Under Trials",Female,0,198,288,92,578
"Andhra Pradesh",1,2004,Indians,"Under Trials",Male,40,4110,3754,591,8495
"Andhra Pradesh",1,2005,Foreigners,Convicts,Female,0,0,0,0,0
"Andhra Pradesh",1,2005,Foreigners,Convicts,Male,0,0,1,0,1
"Andhra Pradesh",1,2005,Foreigners,Detenus,Female,0,0,0,0,0
"Andhra Pradesh",1,2005,Foreigners,Detenus,Male,0,0,0,0,0
"Andhra Pradesh",1,2005,Foreigners,Others,Female,0,0,0,0,0
"Andhra Pradesh",1,2005,Foreigners,Others,Male,0,0,0,0,0
"Andhra Pradesh",1,2005,Foreigners,"Under Trials",Female,0,0,0,0,0
"Andhra Pradesh",1,2005,Foreigners,"Under Trials",Male,0,2,4,0,6
"Andhra Pradesh",1,2005,Indians,Convicts,Female,0,22,142,34,198
"Andhra Pradesh",1,2005,Indians,Convicts,Male,2,1695,2713,402,4812
"Andhra Pradesh",1,2005,Indians,Detenus,Female,0,0,0,0,0
"Andhra Pradesh",1,2005,Indians,Detenus,Male,0,2,8,0,10
"Andhra Pradesh",1,2005,Indians,Others,Female,0,0,0,0,0
"Andhra Pradesh",1,2005,Indians,Others,Male,0,0,0,0,0
"Andhra Pradesh",1,2005,Indians,"Under Trials",Female,0,240,383,63,686
"Andhra Pradesh",1,2005,Indians,"Under Trials",Male,0,4295,4041,564,8900
"Andhra Pradesh",1,2006,Foreigners,Convicts,Female,0,0,1,0,1
"Andhra Pradesh",1,2006,Foreigners,Convicts,Male,0,0,1,0,1
"Andhra Pradesh",1,2006,Foreigners,Detenus,Female,0,0,0,0,0
"Andhra Pradesh",1,2006,Foreigners,Detenus,Male,0,0,0,0,0
"Andhra Pradesh",1,2006,Foreigners,Others,Female,0,0,0,0,0
"Andhra Pradesh",1,2006,Foreigners,Others,Male,0,0,0,0,0
"Andhra Pradesh",1,2006,Foreigners,"Under Trials",Female,0,0,0,0,0
"Andhra Pradesh",1,2006,Foreigners,"Under Trials",Male,0,0,5,0,5
"Andhra Pradesh",1,2006,Indians,Convicts,Female,0,63,111,32,206
"Andhra Pradesh",1,2006,Indians,Convicts,Male,0,1609,2942,528,5079
"Andhra Pradesh",1,2006,Indians,Detenus,Female,0,0,1,0,1
"Andhra Pradesh",1,2006,Indians,Detenus,Male,0,2,13,2,17
"Andhra Pradesh",1,2006,Indians,Others,Female,0,0,0,0,0
"Andhra Pradesh",1,2006,Indians,Others,Male,0,2,25,7,34
"Andhra Pradesh",1,2006,Indians,"Under Trials",Female,0,242,319,76,637
"Andhra Pradesh",1,2006,Indians,"Under Trials",Male,0,4016,4470,954,9440
"Andhra Pradesh",1,2007,Foreigners,Convicts,Female,0,1,0,0,1
"Andhra Pradesh",1,2007,Foreigners,Convicts,Male,0,0,0,0,0
"Andhra Pradesh",1,2007,Foreigners,Detenus,Female,0,0,0,0,0
"Andhra Pradesh",1,2007,Foreigners,Detenus,Male,0,0,0,0,0
"Andhra Pradesh",1,2007,Foreigners,Others,Female,0,0,0,0,0
"Andhra Pradesh",1,2007,Foreigners,Others,Male,0,0,0,0,0
"Andhra Pradesh",1,2007,Foreigners,"Under Trials",Female,0,0,0,0,0
"Andhra Pradesh",1,2007,Foreigners,"Under Trials",Male,0,9,18,0,27
"Andhra Pradesh",1,2007,Indians,Convicts,Female,0,67,115,49,231
"Andhra Pradesh",1,2007,Indians,Convicts,Male,0,1980,2753,594,5327
"Andhra Pradesh",1,2007,Indians,Detenus,Female,0,0,0,0,0
"Andhra Pradesh",1,2007,Indians,Detenus,Male,0,1,18,2,21
"Andhra Pradesh",1,2007,Indians,Others,Female,0,0,0,0,0
"Andhra Pradesh",1,2007,Indians,Others,Male,0,2,15,3,20
"Andhra Pradesh",1,2007,Indians,"Under Trials",Female,0,174,371,90,635
"Andhra Pradesh",1,2007,Indians,"Under Trials",Male,0,3796,4275,712,8783
"Andhra Pradesh",1,2008,Foreigners,Convicts,Female,0,0,0,0,0
"Andhra Pradesh",1,2008,Foreigners,Convicts,Male,0,1,2,0,3
"Andhra Pradesh",1,2008,Foreigners,Detenus,Female,0,0,0,0,0
"Andhra Pradesh",1,2008,Foreigners,Detenus,Male,0,0,0,0,0
"Andhra Pradesh",1,2008,Foreigners,Others,Female,0,0,0,0,0
"Andhra Pradesh",1,2008,Foreigners,Others,Male,0,0,0,0,0
"Andhra Pradesh",1,2008,Foreigners,"Under Trials",Female,0,0,0,0,0
"Andhra Pradesh",1,2008,Foreigners,"Under Trials",Male,0,2,7,0,9
"Andhra Pradesh",1,2008,Indians,Convicts,Female,0,37,150,36,223
"Andhra Pradesh",1,2008,Indians,Convicts,Male,0,1761,2821,570,5152
"Andhra Pradesh",1,2008,Indians,Detenus,Female,0,0,0,0,0
"Andhra Pradesh",1,2008,Indians,Detenus,Male,0,0,21,0,21
"Andhra Pradesh",1,2008,Indians,Others,Female,0,0,0,0,0
"Andhra Pradesh",1,2008,Indians,Others,Male,0,0,12,0,12
"Andhra Pradesh",1,2008,Indians,"Under Trials",Female,0,190,374,87,651
"Andhra Pradesh",1,2008,Indians,"Under Trials",Male,0,3330,3982,697,8009
"Andhra Pradesh",1,2009,Foreigners,Convicts,Female,0,1,0,0,1
"Andhra Pradesh",1,2009,Foreigners,Convicts,Male,0,0,1,0,1
"Andhra Pradesh",1,2009,Foreigners,Detenus,Female,0,0,0,0,0
"Andhra Pradesh",1,2009,Foreigners,Detenus,Male,0,0,0,0,0
"Andhra Pradesh",1,2009,Foreigners,Others,Female,0,0,0,0,0
"Andhra Pradesh",1,2009,Foreigners,Others,Male,0,0,0,0,0
"Andhra Pradesh",1,2009,Foreigners,"Under Trials",Female,0,1,0,1,2
"Andhra Pradesh",1,2009,Foreigners,"Under Trials",Male,0,28,51,4,83
"Andhra Pradesh",1,2009,Indians,Convicts,Female,0,81,90,25,196
"Andhra Pradesh",1,2009,Indians,Convicts,Male,0,1642,2359,337,4338
"Andhra Pradesh",1,2009,Indians,Detenus,Female,0,0,2,0,2
"Andhra Pradesh",1,2009,Indians,Detenus,Male,0,7,31,0,38
"Andhra Pradesh",1,2009,Indians,Others,Female,0,0,0,0,0
"Andhra Pradesh",1,2009,Indians,Others,Male,0,2,13,0,15
"Andhra Pradesh",1,2009,Indians,"Under Trials",Female,0,174,329,72,575
"Andhra Pradesh",1,2009,Indians,"Under Trials",Male,0,3168,3912,477,7557
"Andhra Pradesh",1,2010,Foreigners,Convicts,Female,0,0,1,0,1
"Andhra Pradesh",1,2010,Foreigners,Convicts,Male,0,0,9,1,10
"Andhra Pradesh",1,2010,Foreigners,Detenus,Female,0,0,0,0,0
"Andhra Pradesh",1,2010,Foreigners,Detenus,Male,0,0,0,0,0
"Andhra Pradesh",1,2010,Foreigners,Others,Female,0,0,0,0,0
"Andhra Pradesh",1,2010,Foreigners,Others,Male,0,0,0,0,0
"Andhra Pradesh",1,2010,Foreigners,"Under Trials",Female,0,1,2,0,3
"Andhra Pradesh",1,2010,Foreigners,"Under Trials",Male,0,20,51,0,71
"Andhra Pradesh",1,2010,Indians,Convicts,Female,0,67,108,55,230
"Andhra Pradesh",1,2010,Indians,Convicts,Male,0,1820,2360,377,4557
"Andhra Pradesh",1,2010,Indians,Detenus,Female,0,0,2,0,2
"Andhra Pradesh",1,2010,Indians,Detenus,Male,0,3,24,1,28
"Andhra Pradesh",1,2010,Indians,Others,Female,0,0,0,0,0
"Andhra Pradesh",1,2010,Indians,Others,Male,0,2,11,0,13
"Andhra Pradesh",1,2010,Indians,"Under Trials",Female,0,162,337,44,543
"Andhra Pradesh",1,2010,Indians,"Under Trials",Male,0,2960,3583,489,7032
"Andhra Pradesh",1,2011,Foreigners,Convicts,Female,0,0,1,0,1
"Andhra Pradesh",1,2011,Foreigners,Convicts,Male,0,2,7,0,9
"Andhra Pradesh",1,2011,Foreigners,Detenus,Female,0,0,0,0,0
"Andhra Pradesh",1,2011,Foreigners,Detenus,Male,0,0,0,0,0
"Andhra Pradesh",1,2011,Foreigners,Others,Female,0,0,0,0,0
"Andhra Pradesh",1,2011,Foreigners,Others,Male,0,0,0,0,0
"Andhra Pradesh",1,2011,Foreigners,"Under Trials",Female,0,1,2,0,3
"Andhra Pradesh",1,2011,Foreigners,"Under Trials",Male,0,6,32,2,40
"Andhra Pradesh",1,2011,Indians,Convicts,Female,0,41,152,67,260
"Andhra Pradesh",1,2011,Indians,Convicts,Male,0,1474,2263,631,4368
"Andhra Pradesh",1,2011,Indians,Detenus,Female,0,0,1,0,1
"Andhra Pradesh",1,2011,Indians,Detenus,Male,0,2,10,1,13
"Andhra Pradesh",1,2011,Indians,Others,Female,0,0,0,0,0
"Andhra Pradesh",1,2011,Indians,Others,Male,0,0,9,8,17
"Andhra Pradesh",1,2011,Indians,"Under Trials",Female,0,177,337,63,577
"Andhra Pradesh",1,2011,Indians,"Under Trials",Male,0,3464,3979,481,7924
"Andhra Pradesh",1,2012,Foreigners,Convicts,Female,0,0,2,0,2
"Andhra Pradesh",1,2012,Foreigners,Convicts,Male,0,0,5,0,5
"Andhra Pradesh",1,2012,Foreigners,Detenus,Female,0,0,0,0,0
"Andhra Pradesh",1,2012,Foreigners,Detenus,Male,0,0,0,0,0
"Andhra Pradesh",1,2012,Foreigners,Others,Female,0,0,0,0,0
"Andhra Pradesh",1,2012,Foreigners,Others,Male,0,0,0,0,0
"Andhra Pradesh",1,2012,Foreigners,"Under Trials",Female,0,0,10,0,10
"Andhra Pradesh",1,2012,Foreigners,"Under Trials",Male,0,5,12,0,17
"Andhra Pradesh",1,2012,Indians,Convicts,Female,0,36,190,57,283
"Andhra Pradesh",1,2012,Indians,Convicts,Male,0,1526,2335,571,4432
"Andhra Pradesh",1,2012,Indians,Detenus,Female,0,0,1,0,1
"Andhra Pradesh",1,2012,Indians,Detenus,Male,0,0,3,0,3
"Andhra Pradesh",1,2012,Indians,Others,Female,0,0,1,0,1
"Andhra Pradesh",1,2012,Indians,Others,Male,0,0,6,1,7
"Andhra Pradesh",1,2012,Indians,"Under Trials",Female,0,159,375,93,627
"Andhra Pradesh",1,2012,Indians,"Under Trials",Male,0,3270,3970,657,7897
"Andhra Pradesh",1,2013,Foreigners,Convicts,Female,0,0,3,0,3
"Andhra Pradesh",1,2013,Foreigners,Convicts,Male,0,2,6,1,9
"Andhra Pradesh",1,2013,Foreigners,Detenus,Female,0,0,0,0,0
"Andhra Pradesh",1,2013,Foreigners,Detenus,Male,0,0,0,0,0
"Andhra Pradesh",1,2013,Foreigners,Others,Female,0,0,0,0,0
"Andhra Pradesh",1,2013,Foreigners,Others,Male,0,0,0,0,0
"Andhra Pradesh",1,2013,Foreigners,"Under Trials",Female,0,0,5,0,5
"Andhra Pradesh",1,2013,Foreigners,"Under Trials",Male,0,28,20,0,48
"Andhra Pradesh",1,2013,Indians,Convicts,Female,0,38,176,72,286
"Andhra Pradesh",1,2013,Indians,Convicts,Male,0,1629,2364,307,4300
"Andhra Pradesh",1,2013,Indians,Detenus,Female,0,1,0,0,1
"Andhra Pradesh",1,2013,Indians,Detenus,Male,0,0,6,0,6
"Andhra Pradesh",1,2013,Indians,Others,Female,0,0,0,0,0
"Andhra Pradesh",1,2013,Indians,Others,Male,0,0,7,0,7
"Andhra Pradesh",1,2013,Indians,"Under Trials",Female,0,220,303,81,604
"Andhra Pradesh",1,2013,Indians,"Under Trials",Male,0,4390,4128,526,9044
"Arunachal Pradesh",1,2009,Foreigners,Convicts,Female,0,0,0,0,0
"Arunachal Pradesh",1,2009,Foreigners,Convicts,Male,0,0,0,0,0
"Arunachal Pradesh",1,2009,Foreigners,Detenus,Female,0,0,0,0,0
"Arunachal Pradesh",1,2009,Foreigners,Detenus,Male,0,0,0,0,0
"Arunachal Pradesh",1,2009,Foreigners,Others,Female,0,0,0,0,0
"Arunachal Pradesh",1,2009,Foreigners,Others,Male,0,0,0,0,0
"Arunachal Pradesh",1,2009,Foreigners,"Under Trials",Female,0,0,0,0,0
"Arunachal Pradesh",1,2009,Foreigners,"Under Trials",Male,0,0,0,0,0
"Arunachal Pradesh",1,2009,Indians,Convicts,Female,0,0,0,0,0
"Arunachal Pradesh",1,2009,Indians,Convicts,Male,0,1,0,1,2
"Arunachal Pradesh",1,2009,Indians,Detenus,Female,0,0,0,0,0
"Arunachal Pradesh",1,2009,Indians,Detenus,Male,0,0,0,0,0
"Arunachal Pradesh",1,2009,Indians,Others,Female,0,0,0,0,0
"Arunachal Pradesh",1,2009,Indians,Others,Male,0,0,0,0,0
"Arunachal Pradesh",1,2009,Indians,"Under Trials",Female,0,2,2,0,4
"Arunachal Pradesh",1,2009,Indians,"Under Trials",Male,1,42,11,2,56
"Arunachal Pradesh",1,2010,Foreigners,Convicts,Female,0,0,0,0,0
"Arunachal Pradesh",1,2010,Foreigners,Convicts,Male,0,1,0,0,1
"Arunachal Pradesh",1,2010,Foreigners,Detenus,Female,0,0,0,0,0
"Arunachal Pradesh",1,2010,Foreigners,Detenus,Male,0,0,0,0,0
"Arunachal Pradesh",1,2010,Foreigners,Others,Female,0,0,0,0,0
"Arunachal Pradesh",1,2010,Foreigners,Others,Male,0,0,0,0,0
"Arunachal Pradesh",1,2010,Foreigners,"Under Trials",Female,0,0,0,0,0
"Arunachal Pradesh",1,2010,Foreigners,"Under Trials",Male,0,0,0,0,0
"Arunachal Pradesh",1,2010,Indians,Convicts,Female,0,0,0,0,0
"Arunachal Pradesh",1,2010,Indians,Convicts,Male,0,3,0,1,4
"Arunachal Pradesh",1,2010,Indians,Detenus,Female,0,0,0,0,0
"Arunachal Pradesh",1,2010,Indians,Detenus,Male,0,0,0,0,0
"Arunachal Pradesh",1,2010,Indians,Others,Female,0,0,0,0,0
"Arunachal Pradesh",1,2010,Indians,Others,Male,0,0,0,0,0
"Arunachal Pradesh",1,2010,Indians,"Under Trials",Female,0,1,3,0,4
"Arunachal Pradesh",1,2010,Indians,"Under Trials",Male,0,36,11,1,48
"Arunachal Pradesh",1,2011,Foreigners,Convicts,Female,0,0,0,0,0
"Arunachal Pradesh",1,2011,Foreigners,Convicts,Male,0,1,0,0,1
"Arunachal Pradesh",1,2011,Foreigners,Detenus,Female,0,0,0,0,0
"Arunachal Pradesh",1,2011,Foreigners,Detenus,Male,0,0,0,0,0
"Arunachal Pradesh",1,2011,Foreigners,Others,Female,0,0,0,0,0
"Arunachal Pradesh",1,2011,Foreigners,Others,Male,0,0,0,0,0
"Arunachal Pradesh",1,2011,Foreigners,"Under Trials",Female,0,0,0,0,0
"Arunachal Pradesh",1,2011,Foreigners,"Under Trials",Male,0,0,0,0,0
"Arunachal Pradesh",1,2011,Indians,Convicts,Female,0,0,0,0,0
"Arunachal Pradesh",1,2011,Indians,Convicts,Male,0,2,2,1,5
"Arunachal Pradesh",1,2011,Indians,Detenus,Female,0,0,0,0,0
"Arunachal Pradesh",1,2011,Indians,Detenus,Male,0,0,0,0,0
"Arunachal Pradesh",1,2011,Indians,Others,Female,0,0,0,0,0
"Arunachal Pradesh",1,2011,Indians,Others,Male,0,0,0,0,0
"Arunachal Pradesh",1,2011,Indians,"Under Trials",Female,0,3,2,0,5
"Arunachal Pradesh",1,2011,Indians,"Under Trials",Male,0,34,9,1,44
"Arunachal Pradesh",1,2012,Foreigners,Convicts,Female,0,0,0,0,0
"Arunachal Pradesh",1,2012,Foreigners,Convicts,Male,0,0,0,0,0
"Arunachal Pradesh",1,2012,Foreigners,Detenus,Female,0,0,0,0,0
"Arunachal Pradesh",1,2012,Foreigners,Detenus,Male,0,0,0,0,0
"Arunachal Pradesh",1,2012,Foreigners,Others,Female,0,0,0,0,0
"Arunachal Pradesh",1,2012,Foreigners,Others,Male,0,0,0,0,0
"Arunachal Pradesh",1,2012,Foreigners,"Under Trials",Female,0,0,0,0,0
"Arunachal Pradesh",1,2012,Foreigners,"Under Trials",Male,0,0,0,0,0
"Arunachal Pradesh",1,2012,Indians,Convicts,Female,0,0,0,0,0
"Arunachal Pradesh",1,2012,Indians,Convicts,Male,0,3,1,0,4
"Arunachal Pradesh",1,2012,Indians,Detenus,Female,0,0,0,0,0
"Arunachal Pradesh",1,2012,Indians,Detenus,Male,0,0,0,0,0
"Arunachal Pradesh",1,2012,Indians,Others,Female,0,0,0,0,0
"Arunachal Pradesh",1,2012,Indians,Others,Male,0,0,0,0,0
"Arunachal Pradesh",1,2012,Indians,"Under Trials",Female,0,3,1,0,4
"Arunachal Pradesh",1,2012,Indians,"Under Trials",Male,0,55,7,1,63
"Arunachal Pradesh",1,2013,Foreigners,Convicts,Female,0,0,0,0,0
"Arunachal Pradesh",1,2013,Foreigners,Convicts,Male,0,0,0,0,0
"Arunachal Pradesh",1,2013,Foreigners,Detenus,Female,0,0,0,0,0
"Arunachal Pradesh",1,2013,Foreigners,Detenus,Male,0,0,0,0,0
"Arunachal Pradesh",1,2013,Foreigners,Others,Female,0,0,0,0,0
"Arunachal Pradesh",1,2013,Foreigners,Others,Male,0,0,0,0,0
"Arunachal Pradesh",1,2013,Foreigners,"Under Trials",Female,0,0,0,0,0
"Arunachal Pradesh",1,2013,Foreigners,"Under Trials",Male,0,0,1,0,1
"Arunachal Pradesh",1,2013,Indians,Convicts,Female,0,0,1,0,1
"Arunachal Pradesh",1,2013,Indians,Convicts,Male,0,1,7,2,10
"Arunachal Pradesh",1,2013,Indians,Detenus,Female,0,0,0,0,0
"Arunachal Pradesh",1,2013,Indians,Detenus,Male,0,0,0,0,0
"Arunachal Pradesh",1,2013,Indians,Others,Female,0,0,0,0,0
"Arunachal Pradesh",1,2013,Indians,Others,Male,0,0,0,0,0
"Arunachal Pradesh",1,2013,Indians,"Under Trials",Female,0,0,1,0,1
"Arunachal Pradesh",1,2013,Indians,"Under Trials",Male,0,55,23,1,79
Assam,1,2001,Foreigners,Convicts,Female,0,0,0,0,0
Assam,1,2001,Foreigners,Convicts,Male,0,0,0,0,0
Assam,1,2001,Foreigners,Detenus,Female,0,0,0,0,0
Assam,1,2001,Foreigners,Detenus,Male,0,0,0,0,0
Assam,1,2001,Foreigners,Others,Female,0,0,0,0,0
Assam,1,2001,Foreigners,Others,Male,0,0,0,0,0
Assam,1,2001,Foreigners,"Under Trials",Female,0,0,0,0,0
Assam,1,2001,Foreigners,"Under Trials",Male,0,8,0,0,8
Assam,1,2001,Indians,Convicts,Female,0,16,29,2,47
Assam,1,2001,Indians,Convicts,Male,9,558,1537,252,2356
Assam,1,2001,Indians,Detenus,Female,0,0,0,0,0
Assam,1,2001,Indians,Detenus,Male,0,16,0,0,16
Assam,1,2001,Indians,Others,Female,0,0,0,0,0
Assam,1,2001,Indians,Others,Male,0,1,0,0,1
Assam,1,2001,Indians,"Under Trials",Female,3,56,63,5,127
Assam,1,2001,Indians,"Under Trials",Male,105,1870,1640,315,3930
Assam,1,2002,Foreigners,Convicts,Female,0,0,0,0,0
Assam,1,2002,Foreigners,Convicts,Male,0,0,0,0,0
Assam,1,2002,Foreigners,Detenus,Female,0,0,0,0,0
Assam,1,2002,Foreigners,Detenus,Male,0,0,0,0,0
Assam,1,2002,Foreigners,Others,Female,0,0,0,0,0
Assam,1,2002,Foreigners,Others,Male,0,0,0,0,0
Assam,1,2002,Foreigners,"Under Trials",Female,0,0,0,0,0
Assam,1,2002,Foreigners,"Under Trials",Male,0,6,6,0,12
Assam,1,2002,Indians,Convicts,Female,0,7,45,2,54
Assam,1,2002,Indians,Convicts,Male,27,852,1544,253,2676
Assam,1,2002,Indians,Detenus,Female,0,0,0,0,0
Assam,1,2002,Indians,Detenus,Male,0,18,0,0,18
Assam,1,2002,Indians,Others,Female,0,0,0,0,0
Assam,1,2002,Indians,Others,Male,0,0,0,0,0
Assam,1,2002,Indians,"Under Trials",Female,5,45,61,2,113
Assam,1,2002,Indians,"Under Trials",Male,146,1877,1858,313,4194
Assam,1,2003,Foreigners,Convicts,Female,0,0,0,0,0
Assam,1,2003,Foreigners,Convicts,Male,0,0,0,0,0
Assam,1,2003,Foreigners,Detenus,Female,0,0,0,0,0
Assam,1,2003,Foreigners,Detenus,Male,0,0,0,0,0
Assam,1,2003,Foreigners,Others,Female,0,0,0,0,0
Assam,1,2003,Foreigners,Others,Male,0,0,0,0,0
Assam,1,2003,Foreigners,"Under Trials",Female,0,0,0,0,0
Assam,1,2003,Foreigners,"Under Trials",Male,0,5,6,0,11
Assam,1,2003,Indians,Convicts,Female,0,13,53,6,72
Assam,1,2003,Indians,Convicts,Male,17,866,1768,357,3008
Assam,1,2003,Indians,Detenus,Female,0,2,0,0,2
Assam,1,2003,Indians,Detenus,Male,0,29,0,0,29
Assam,1,2003,Indians,Others,Female,0,0,0,0,0
Assam,1,2003,Indians,Others,Male,0,0,3,0,3
Assam,1,2003,Indians,"Under Trials",Female,1,69,64,3,137
Assam,1,2003,Indians,"Under Trials",Male,98,2226,1774,277,4375
Assam,1,2004,Foreigners,Convicts,Female,0,0,0,0,0
Assam,1,2004,Foreigners,Convicts,Male,0,0,0,0,0
Assam,1,2004,Foreigners,Detenus,Female,0,0,0,0,0
Assam,1,2004,Foreigners,Detenus,Male,0,0,0,0,0
Assam,1,2004,Foreigners,Others,Female,0,0,0,0,0
Assam,1,2004,Foreigners,Others,Male,0,0,0,0,0
Assam,1,2004,Foreigners,"Under Trials",Female,0,0,0,0,0
Assam,1,2004,Foreigners,"Under Trials",Male,0,9,0,0,9
Assam,1,2004,Indians,Convicts,Female,0,13,58,6,77
Assam,1,2004,Indians,Convicts,Male,5,867,1643,676,3191
Assam,1,2004,Indians,Detenus,Female,0,4,36,0,40
Assam,1,2004,Indians,Detenus,Male,0,9,206,0,215
Assam,1,2004,Indians,Others,Female,0,0,0,0,0
Assam,1,2004,Indians,Others,Male,0,0,7,0,7
Assam,1,2004,Indians,"Under Trials",Female,0,66,62,6,134
Assam,1,2004,Indians,"Under Trials",Male,11,1927,1805,412,4155
Assam,1,2005,Foreigners,Convicts,Female,0,0,0,0,0
Assam,1,2005,Foreigners,Convicts,Male,0,3,0,0,3
Assam,1,2005,Foreigners,Detenus,Female,0,0,0,0,0
Assam,1,2005,Foreigners,Detenus,Male,0,0,0,0,0
Assam,1,2005,Foreigners,Others,Female,0,0,0,0,0
Assam,1,2005,Foreigners,Others,Male,0,0,0,0,0
Assam,1,2005,Foreigners,"Under Trials",Female,0,0,0,0,0
Assam,1,2005,Foreigners,"Under Trials",Male,0,6,0,0,6
Assam,1,2005,Indians,Convicts,Female,0,21,49,8,78
Assam,1,2005,Indians,Convicts,Male,8,985,1879,522,3394
Assam,1,2005,Indians,Detenus,Female,0,3,0,0,3
Assam,1,2005,Indians,Detenus,Male,0,20,11,0,31
Assam,1,2005,Indians,Others,Female,0,0,0,0,0
Assam,1,2005,Indians,Others,Male,0,0,4,0,4
Assam,1,2005,Indians,"Under Trials",Female,2,67,55,9,133
Assam,1,2005,Indians,"Under Trials",Male,2,2522,1968,369,4861
Assam,1,2006,Foreigners,Convicts,Female,0,0,0,0,0
Assam,1,2006,Foreigners,Convicts,Male,0,3,0,0,3
Assam,1,2006,Foreigners,Detenus,Female,0,0,0,0,0
Assam,1,2006,Foreigners,Detenus,Male,0,0,0,0,0
Assam,1,2006,Foreigners,Others,Female,0,0,0,0,0
Assam,1,2006,Foreigners,Others,Male,0,0,0,0,0
Assam,1,2006,Foreigners,"Under Trials",Female,0,1,0,0,1
Assam,1,2006,Foreigners,"Under Trials",Male,0,4,0,0,4
Assam,1,2006,Indians,Convicts,Female,0,36,41,7,84
Assam,1,2006,Indians,Convicts,Male,0,1195,1818,449,3462
Assam,1,2006,Indians,Detenus,Female,0,0,0,0,0
Assam,1,2006,Indians,Detenus,Male,0,18,9,0,27
Assam,1,2006,Indians,Others,Female,0,0,0,0,0
Assam,1,2006,Indians,Others,Male,0,0,2,0,2
Assam,1,2006,Indians,"Under Trials",Female,0,75,75,8,158
Assam,1,2006,Indians,"Under Trials",Male,1,2200,2191,405,4797
Assam,1,2007,Foreigners,Convicts,Female,0,0,0,0,0
Assam,1,2007,Foreigners,Convicts,Male,0,2,0,0,2
Assam,1,2007,Foreigners,Detenus,Female,0,0,0,0,0
Assam,1,2007,Foreigners,Detenus,Male,0,0,0,0,0
Assam,1,2007,Foreigners,Others,Female,0,0,0,0,0
Assam,1,2007,Foreigners,Others,Male,0,0,0,0,0
Assam,1,2007,Foreigners,"Under Trials",Female,0,0,0,0,0
Assam,1,2007,Foreigners,"Under Trials",Male,0,5,0,0,5
Assam,1,2007,Indians,Convicts,Female,0,31,54,15,100
Assam,1,2007,Indians,Convicts,Male,0,1132,1902,444,3478
Assam,1,2007,Indians,Detenus,Female,0,5,0,0,5
Assam,1,2007,Indians,Detenus,Male,0,19,11,0,30
Assam,1,2007,Indians,Others,Female,0,0,0,0,0
Assam,1,2007,Indians,Others,Male,0,0,0,0,0
Assam,1,2007,Indians,"Under Trials",Female,0,65,76,5,146
Assam,1,2007,Indians,"Under Trials",Male,4,2575,2062,298,4939
Assam,1,2008,Foreigners,Convicts,Female,0,0,0,0,0
Assam,1,2008,Foreigners,Convicts,Male,0,0,0,0,0
Assam,1,2008,Foreigners,Detenus,Female,0,0,0,0,0
Assam,1,2008,Foreigners,Detenus,Male,0,0,0,0,0
Assam,1,2008,Foreigners,Others,Female,0,0,0,0,0
Assam,1,2008,Foreigners,Others,Male,0,0,0,0,0
Assam,1,2008,Foreigners,"Under Trials",Female,0,0,0,0,0
Assam,1,2008,Foreigners,"Under Trials",Male,0,0,0,0,0
Assam,1,2008,Indians,Convicts,Female,0,35,38,25,98
Assam,1,2008,Indians,Convicts,Male,0,1116,1830,450,3396
Assam,1,2008,Indians,Detenus,Female,0,0,0,0,0
Assam,1,2008,Indians,Detenus,Male,0,7,3,0,10
Assam,1,2008,Indians,Others,Female,0,0,0,0,0
Assam,1,2008,Indians,Others,Male,0,0,0,0,0
Assam,1,2008,Indians,"Under Trials",Female,0,98,87,30,215
Assam,1,2008,Indians,"Under Trials",Male,0,2518,2075,430,5023
Assam,1,2009,Foreigners,Convicts,Female,0,0,0,0,0
Assam,1,2009,Foreigners,Convicts,Male,0,0,0,0,0
Assam,1,2009,Foreigners,Detenus,Female,0,0,0,0,0
Assam,1,2009,Foreigners,Detenus,Male,0,0,0,0,0
Assam,1,2009,Foreigners,Others,Female,0,0,0,0,0
Assam,1,2009,Foreigners,Others,Male,0,0,0,0,0
Assam,1,2009,Foreigners,"Under Trials",Female,0,0,0,0,0
Assam,1,2009,Foreigners,"Under Trials",Male,0,0,0,0,0
Assam,1,2009,Indians,Convicts,Female,0,25,53,14,92
Assam,1,2009,Indians,Convicts,Male,0,988,1719,528,3235
Assam,1,2009,Indians,Detenus,Female,0,2,0,0,2
Assam,1,2009,Indians,Detenus,Male,0,5,2,0,7
Assam,1,2009,Indians,Others,Female,0,0,0,0,0
Assam,1,2009,Indians,Others,Male,0,0,0,0,0
Assam,1,2009,Indians,"Under Trials",Female,0,87,93,25,205
Assam,1,2009,Indians,"Under Trials",Male,0,2231,1974,414,4619
Assam,1,2010,Foreigners,Convicts,Female,0,0,0,0,0
Assam,1,2010,Foreigners,Convicts,Male,0,3,6,0,9
Assam,1,2010,Foreigners,Detenus,Female,0,0,0,0,0
Assam,1,2010,Foreigners,Detenus,Male,0,0,0,0,0
Assam,1,2010,Foreigners,Others,Female,0,0,0,0,0
Assam,1,2010,Foreigners,Others,Male,0,0,0,0,0
Assam,1,2010,Foreigners,"Under Trials",Female,0,0,0,0,0
Assam,1,2010,Foreigners,"Under Trials",Male,0,6,26,0,32
Assam,1,2010,Indians,Convicts,Female,0,25,62,11,98
Assam,1,2010,Indians,Convicts,Male,0,854,1743,560,3157
Assam,1,2010,Indians,Detenus,Female,0,0,0,0,0
Assam,1,2010,Indians,Detenus,Male,0,1,2,0,3
Assam,1,2010,Indians,Others,Female,0,0,0,0,0
Assam,1,2010,Indians,Others,Male,0,0,0,0,0
Assam,1,2010,Indians,"Under Trials",Female,0,81,79,15,175
Assam,1,2010,Indians,"Under Trials",Male,0,2240,1838,370,4448
Assam,1,2011,Foreigners,Convicts,Female,0,0,0,0,0
Assam,1,2011,Foreigners,Convicts,Male,0,3,5,0,8
Assam,1,2011,Foreigners,Detenus,Female,0,0,0,0,0
Assam,1,2011,Foreigners,Detenus,Male,0,0,0,0,0
Assam,1,2011,Foreigners,Others,Female,0,0,0,0,0
Assam,1,2011,Foreigners,Others,Male,0,0,0,0,0
Assam,1,2011,Foreigners,"Under Trials",Female,0,0,0,0,0
Assam,1,2011,Foreigners,"Under Trials",Male,0,5,25,0,30
Assam,1,2011,Indians,Convicts,Female,0,24,57,10,91
Assam,1,2011,Indians,Convicts,Male,0,834,1664,540,3038
Assam,1,2011,Indians,Detenus,Female,0,0,0,0,0
Assam,1,2011,Indians,Detenus,Male,0,0,0,0,0
Assam,1,2011,Indians,Others,Female,0,0,0,0,0
Assam,1,2011,Indians,Others,Male,0,0,0,0,0
Assam,1,2011,Indians,"Under Trials",Female,0,91,99,17,207
Assam,1,2011,Indians,"Under Trials",Male,0,2341,2039,449,4829
Assam,1,2012,Foreigners,Convicts,Female,0,0,0,0,0
Assam,1,2012,Foreigners,Convicts,Male,0,2,3,0,5
Assam,1,2012,Foreigners,Detenus,Female,0,0,0,0,0
Assam,1,2012,Foreigners,Detenus,Male,0,0,0,0,0
Assam,1,2012,Foreigners,Others,Female,0,0,0,0,0
Assam,1,2012,Foreigners,Others,Male,0,0,0,0,0
Assam,1,2012,Foreigners,"Under Trials",Female,0,0,0,0,0
Assam,1,2012,Foreigners,"Under Trials",Male,0,9,21,0,30
Assam,1,2012,Indians,Convicts,Female,0,36,60,12,108
Assam,1,2012,Indians,Convicts,Male,0,908,1628,521,3057
Assam,1,2012,Indians,Detenus,Female,0,0,0,0,0
Assam,1,2012,Indians,Detenus,Male,0,3,0,0,3
Assam,1,2012,Indians,Others,Female,0,0,0,0,0
Assam,1,2012,Indians,Others,Male,0,0,0,0,0
Assam,1,2012,Indians,"Under Trials",Female,0,89,75,19,183
Assam,1,2012,Indians,"Under Trials",Male,0,2314,2040,531,4885
Assam,1,2013,Foreigners,Convicts,Female,0,0,0,0,0
Assam,1,2013,Foreigners,Convicts,Male,0,2,3,0,5
Assam,1,2013,Foreigners,Detenus,Female,0,0,0,0,0
Assam,1,2013,Foreigners,Detenus,Male,0,0,0,0,0
Assam,1,2013,Foreigners,Others,Female,0,0,0,0,0
Assam,1,2013,Foreigners,Others,Male,0,0,0,0,0
Assam,1,2013,Foreigners,"Under Trials",Female,0,0,0,0,0
Assam,1,2013,Foreigners,"Under Trials",Male,0,6,18,0,24
Assam,1,2013,Indians,Convicts,Female,0,15,67,19,101
Assam,1,2013,Indians,Convicts,Male,0,697,1860,430,2987
Assam,1,2013,Indians,Detenus,Female,0,0,0,0,0
Assam,1,2013,Indians,Detenus,Male,0,2,3,0,5
Assam,1,2013,Indians,Others,Female,0,0,0,0,0
Assam,1,2013,Indians,Others,Male,0,0,2,0,2
Assam,1,2013,Indians,"Under Trials",Female,0,93,96,16,205
Assam,1,2013,Indians,"Under Trials",Male,0,2470,2025,439,4934
Bihar,1,2001,Foreigners,Convicts,Female,0,2,0,0,2
Bihar,1,2001,Foreigners,Convicts,Male,0,5,1,0,6
Bihar,1,2001,Foreigners,Detenus,Female,0,0,0,0,0
Bihar,1,2001,Foreigners,Detenus,Male,0,0,0,0,0
Bihar,1,2001,Foreigners,Others,Female,0,0,0,0,0
Bihar,1,2001,Foreigners,Others,Male,0,0,0,0,0
Bihar,1,2001,Foreigners,"Under Trials",Female,0,1,0,0,1
Bihar,1,2001,Foreigners,"Under Trials",Male,0,9,3,0,12
Bihar,1,2001,Indians,Convicts,Female,0,11,31,34,76
Bihar,1,2001,Indians,Convicts,Male,12,1225,2397,1347,4981
Bihar,1,2001,Indians,Detenus,Female,0,0,0,0,0
Bihar,1,2001,Indians,Detenus,Male,0,0,10,2,12
Bihar,1,2001,Indians,Others,Female,0,0,0,0,0
Bihar,1,2001,Indians,Others,Male,0,9,17,11,37
Bihar,1,2001,Indians,"Under Trials",Female,4,255,361,172,792
Bihar,1,2001,Indians,"Under Trials",Male,640,12233,14211,2904,29988
Bihar,1,2002,Foreigners,Convicts,Female,0,0,0,0,0
Bihar,1,2002,Foreigners,Convicts,Male,0,0,5,1,6
Bihar,1,2002,Foreigners,Detenus,Female,0,0,0,0,0
Bihar,1,2002,Foreigners,Detenus,Male,0,0,0,0,0
Bihar,1,2002,Foreigners,Others,Female,0,0,0,0,0
Bihar,1,2002,Foreigners,Others,Male,0,0,0,0,0
Bihar,1,2002,Foreigners,"Under Trials",Female,0,1,2,0,3
Bihar,1,2002,Foreigners,"Under Trials",Male,0,7,2,0,9
Bihar,1,2002,Indians,Convicts,Female,0,22,71,12,105
Bihar,1,2002,Indians,Convicts,Male,45,1215,2365,1328,4953
Bihar,1,2002,Indians,Detenus,Female,0,0,0,0,0
Bihar,1,2002,Indians,Detenus,Male,0,11,21,1,33
Bihar,1,2002,Indians,Others,Female,0,0,0,0,0
Bihar,1,2002,Indians,Others,Male,0,16,75,11,102
Bihar,1,2002,Indians,"Under Trials",Female,0,365,468,106,939
Bihar,1,2002,Indians,"Under Trials",Male,556,14190,12299,4105,31150
Bihar,1,2003,Foreigners,Convicts,Female,0,0,0,0,0
Bihar,1,2003,Foreigners,Convicts,Male,0,0,2,0,2
Bihar,1,2003,Foreigners,Detenus,Female,0,0,0,0,0
Bihar,1,2003,Foreigners,Detenus,Male,0,0,0,0,0
Bihar,1,2003,Foreigners,Others,Female,0,0,0,0,0
Bihar,1,2003,Foreigners,Others,Male,0,1,0,0,1
Bihar,1,2003,Foreigners,"Under Trials",Female,0,0,3,0,3
Bihar,1,2003,Foreigners,"Under Trials",Male,0,3,3,0,6
Bihar,1,2003,Indians,Convicts,Female,0,14,59,31,104
Bihar,1,2003,Indians,Convicts,Male,0,986,2762,1224,4972
Bihar,1,2003,Indians,Detenus,Female,0,0,0,0,0
Bihar,1,2003,Indians,Detenus,Male,0,10,8,4,22
Bihar,1,2003,Indians,Others,Female,0,0,0,0,0
Bihar,1,2003,Indians,Others,Male,0,16,59,13,88
Bihar,1,2003,Indians,"Under Trials",Female,0,274,544,124,942
Bihar,1,2003,Indians,"Under Trials",Male,0,11696,14375,5112,31183
Bihar,1,2004,Foreigners,Convicts,Female,0,1,1,0,2
Bihar,1,2004,Foreigners,Convicts,Male,0,8,0,1,9
Bihar,1,2004,Foreigners,Detenus,Female,0,0,0,0,0
Bihar,1,2004,Foreigners,Detenus,Male,0,0,0,0,0
Bihar,1,2004,Foreigners,Others,Female,0,0,0,0,0
Bihar,1,2004,Foreigners,Others,Male,0,0,0,0,0
Bihar,1,2004,Foreigners,"Under Trials",Female,0,1,0,1,2
Bihar,1,2004,Foreigners,"Under Trials",Male,0,6,6,0,12
Bihar,1,2004,Indians,Convicts,Female,0,17,68,43,128
Bihar,1,2004,Indians,Convicts,Male,0,1051,3019,1311,5381
Bihar,1,2004,Indians,Detenus,Female,0,0,0,0,0
Bihar,1,2004,Indians,Detenus,Male,0,29,36,0,65
Bihar,1,2004,Indians,Others,Female,0,0,0,0,0
Bihar,1,2004,Indians,Others,Male,0,27,82,4,113
Bihar,1,2004,Indians,"Under Trials",Female,0,243,393,105,741
Bihar,1,2004,Indians,"Under Trials",Male,0,9488,12692,4440,26620
Bihar,1,2005,Foreigners,Convicts,Female,0,0,1,1,2
Bihar,1,2005,Foreigners,Convicts,Male,0,0,1,1,2
Bihar,1,2005,Foreigners,Detenus,Female,0,0,0,0,0
Bihar,1,2005,Foreigners,Detenus,Male,0,0,0,0,0
Bihar,1,2005,Foreigners,Others,Female,0,0,0,0,0
Bihar,1,2005,Foreigners,Others,Male,0,0,0,0,0
Bihar,1,2005,Foreigners,"Under Trials",Female,0,2,5,1,8
Bihar,1,2005,Foreigners,"Under Trials",Male,0,12,12,19,43
Bihar,1,2005,Indians,Convicts,Female,0,37,61,24,122
Bihar,1,2005,Indians,Convicts,Male,0,1409,2755,1319,5483
Bihar,1,2005,Indians,Detenus,Female,0,0,0,0,0
Bihar,1,2005,Indians,Detenus,Male,0,0,0,0,0
Bihar,1,2005,Indians,Others,Female,0,0,0,0,0
Bihar,1,2005,Indians,Others,Male,0,0,101,89,190
Bihar,1,2005,Indians,"Under Trials",Female,0,549,521,120,1190
Bihar,1,2005,Indians,"Under Trials",Male,0,16884,15639,6255,38778
Bihar,1,2006,Foreigners,Convicts,Female,0,3,0,0,3
Bihar,1,2006,Foreigners,Convicts,Male,0,2,0,0,2
Bihar,1,2006,Foreigners,Detenus,Female,0,0,0,0,0
Bihar,1,2006,Foreigners,Detenus,Male,0,0,0,0,0
Bihar,1,2006,Foreigners,Others,Female,0,0,0,0,0
Bihar,1,2006,Foreigners,Others,Male,0,0,0,0,0
Bihar,1,2006,Foreigners,"Under Trials",Female,0,0,2,0,2
Bihar,1,2006,Foreigners,"Under Trials",Male,0,0,46,0,46
Bihar,1,2006,Indians,Convicts,Female,0,50,86,10,146
Bihar,1,2006,Indians,Convicts,Male,0,4418,1575,621,6614
Bihar,1,2006,Indians,Detenus,Female,0,0,0,0,0
Bihar,1,2006,Indians,Detenus,Male,0,0,0,0,0
Bihar,1,2006,Indians,Others,Female,0,0,0,0,0
Bihar,1,2006,Indians,Others,Male,0,0,105,36,141
Bihar,1,2006,Indians,"Under Trials",Female,0,222,756,289,1267
Bihar,1,2006,Indians,"Under Trials",Male,0,8087,19896,8077,36060
Bihar,1,2007,Foreigners,Convicts,Female,0,1,1,0,2
Bihar,1,2007,Foreigners,Convicts,Male,0,2,1,0,3
Bihar,1,2007,Foreigners,Detenus,Female,0,0,0,0,0
Bihar,1,2007,Foreigners,Detenus,Male,0,0,0,0,0
Bihar,1,2007,Foreigners,Others,Female,0,0,0,0,0
Bihar,1,2007,Foreigners,Others,Male,0,0,0,0,0
Bihar,1,2007,Foreigners,"Under Trials",Female,0,3,5,0,8
Bihar,1,2007,Foreigners,"Under Trials",Male,0,22,36,0,58
Bihar,1,2007,Indians,Convicts,Female,0,56,59,19,134
Bihar,1,2007,Indians,Convicts,Male,0,2454,2860,813,6127
Bihar,1,2007,Indians,Detenus,Female,0,0,0,0,0
Bihar,1,2007,Indians,Detenus,Male,0,11,12,1,24
Bihar,1,2007,Indians,Others,Female,0,0,0,0,0
Bihar,1,2007,Indians,Others,Male,0,11,16,5,32
Bihar,1,2007,Indians,"Under Trials",Female,0,469,542,137,1148
Bihar,1,2007,Indians,"Under Trials",Male,0,13021,15571,3510,32102
Bihar,1,2008,Foreigners,Convicts,Female,0,0,0,0,0
Bihar,1,2008,Foreigners,Convicts,Male,0,6,1,0,7
Bihar,1,2008,Foreigners,Detenus,Female,0,0,0,0,0
Bihar,1,2008,Foreigners,Detenus,Male,0,0,0,0,0
Bihar,1,2008,Foreigners,Others,Female,0,0,0,0,0
Bihar,1,2008,Foreigners,Others,Male,0,0,0,0,0
Bihar,1,2008,Foreigners,"Under Trials",Female,0,0,6,4,10
Bihar,1,2008,Foreigners,"Under Trials",Male,0,11,27,4,42
Bihar,1,2008,Indians,Convicts,Female,0,47,51,33,131
Bihar,1,2008,Indians,Convicts,Male,0,2137,2697,1027,5861
Bihar,1,2008,Indians,Detenus,Female,0,0,0,0,0
Bihar,1,2008,Indians,Detenus,Male,0,10,11,3,24
Bihar,1,2008,Indians,Others,Female,0,0,0,0,0
Bihar,1,2008,Indians,Others,Male,0,12,18,9,39
Bihar,1,2008,Indians,"Under Trials",Female,0,353,565,170,1088
Bihar,1,2008,Indians,"Under Trials",Male,0,11028,14595,4884,30507
Bihar,1,2009,Foreigners,Convicts,Female,0,2,2,0,4
Bihar,1,2009,Foreigners,Convicts,Male,0,1,3,0,4
Bihar,1,2009,Foreigners,Detenus,Female,0,0,0,0,0
Bihar,1,2009,Foreigners,Detenus,Male,0,0,0,0,0
Bihar,1,2009,Foreigners,Others,Female,0,0,0,0,0
Bihar,1,2009,Foreigners,Others,Male,0,0,0,0,0
Bihar,1,2009,Foreigners,"Under Trials",Female,0,2,4,0,6
Bihar,1,2009,Foreigners,"Under Trials",Male,0,3,8,1,12
Bihar,1,2009,Indians,Convicts,Female,0,35,45,24,104
Bihar,1,2009,Indians,Convicts,Male,0,2018,2489,912,5419
Bihar,1,2009,Indians,Detenus,Female,0,0,0,0,0
Bihar,1,2009,Indians,Detenus,Male,0,6,3,1,10
Bihar,1,2009,Indians,Others,Female,0,0,1,0,1
Bihar,1,2009,Indians,Others,Male,0,1,4,1,6
Bihar,1,2009,Indians,"Under Trials",Female,0,283,489,139,911
Bihar,1,2009,Indians,"Under Trials",Male,0,9625,13108,4501,27234
Bihar,1,2010,Foreigners,Convicts,Female,0,1,3,0,4
Bihar,1,2010,Foreigners,Convicts,Male,0,1,2,0,3
Bihar,1,2010,Foreigners,Detenus,Female,0,0,0,0,0
Bihar,1,2010,Foreigners,Detenus,Male,0,0,0,0,0
Bihar,1,2010,Foreigners,Others,Female,0,0,0,0,0
Bihar,1,2010,Foreigners,Others,Male,0,0,0,0,0
Bihar,1,2010,Foreigners,"Under Trials",Female,0,2,6,2,10
Bihar,1,2010,Foreigners,"Under Trials",Male,0,5,17,4,26
Bihar,1,2010,Indians,Convicts,Female,0,38,50,27,115
Bihar,1,2010,Indians,Convicts,Male,0,1862,2388,913,5163
Bihar,1,2010,Indians,Detenus,Female,0,0,0,0,0
Bihar,1,2010,Indians,Detenus,Male,0,12,17,5,34
Bihar,1,2010,Indians,Others,Female,0,0,0,0,0
Bihar,1,2010,Indians,Others,Male,0,5,7,7,19
Bihar,1,2010,Indians,"Under Trials",Female,0,241,418,104,763
Bihar,1,2010,Indians,"Under Trials",Male,0,8436,11516,3611,23563
Bihar,1,2011,Foreigners,Convicts,Female,0,0,3,0,3
Bihar,1,2011,Foreigners,Convicts,Male,0,1,7,0,8
Bihar,1,2011,Foreigners,Detenus,Female,0,0,0,0,0
Bihar,1,2011,Foreigners,Detenus,Male,0,0,0,0,0
Bihar,1,2011,Foreigners,Others,Female,0,0,0,0,0
Bihar,1,2011,Foreigners,Others,Male,0,0,0,0,0
Bihar,1,2011,Foreigners,"Under Trials",Female,0,2,4,0,6
Bihar,1,2011,Foreigners,"Under Trials",Male,0,20,18,1,39
Bihar,1,2011,Indians,Convicts,Female,0,15,53,15,83
Bihar,1,2011,Indians,Convicts,Male,0,1386,2068,1046,4500
Bihar,1,2011,Indians,Detenus,Female,0,0,0,0,0
Bihar,1,2011,Indians,Detenus,Male,0,2,6,0,8
Bihar,1,2011,Indians,Others,Female,0,0,0,0,0
Bihar,1,2011,Indians,Others,Male,0,2,5,6,13
Bihar,1,2011,Indians,"Under Trials",Female,0,232,462,95,789
Bihar,1,2011,Indians,"Under Trials",Male,0,8969,10276,3338,22583
Bihar,1,2012,Foreigners,Convicts,Female,0,0,3,0,3
Bihar,1,2012,Foreigners,Convicts,Male,0,7,6,0,13
Bihar,1,2012,Foreigners,Detenus,Female,0,0,0,0,0
Bihar,1,2012,Foreigners,Detenus,Male,0,0,0,0,0
Bihar,1,2012,Foreigners,Others,Female,0,0,0,0,0
Bihar,1,2012,Foreigners,Others,Male,0,1,0,0,1
Bihar,1,2012,Foreigners,"Under Trials",Female,0,1,7,0,8
Bihar,1,2012,Foreigners,"Under Trials",Male,0,46,62,14,122
Bihar,1,2012,Indians,Convicts,Female,0,11,64,24,99
Bihar,1,2012,Indians,Convicts,Male,0,1081,2025,887,3993
Bihar,1,2012,Indians,Detenus,Female,0,0,0,0,0
Bihar,1,2012,Indians,Detenus,Male,0,14,26,0,40
Bihar,1,2012,Indians,Others,Female,0,0,0,0,0
Bihar,1,2012,Indians,Others,Male,0,4,8,0,12
Bihar,1,2012,Indians,"Under Trials",Female,0,304,397,117,818
Bihar,1,2012,Indians,"Under Trials",Male,0,9281,10590,3570,23441
Bihar,1,2013,Foreigners,Convicts,Female,0,0,4,0,4
Bihar,1,2013,Foreigners,Convicts,Male,0,4,3,1,8
Bihar,1,2013,Foreigners,Detenus,Female,0,0,0,0,0
Bihar,1,2013,Foreigners,Detenus,Male,0,0,0,0,0
Bihar,1,2013,Foreigners,Others,Female,0,0,0,0,0
Bihar,1,2013,Foreigners,Others,Male,0,1,0,0,1
Bihar,1,2013,Foreigners,"Under Trials",Female,0,3,2,0,5
Bihar,1,2013,Foreigners,"Under Trials",Male,0,39,11,0,50
Bihar,1,2013,Indians,Convicts,Female,0,18,63,38,119
Bihar,1,2013,Indians,Convicts,Male,0,1168,2191,990,4349
Bihar,1,2013,Indians,Detenus,Female,0,0,0,0,0
Bihar,1,2013,Indians,Detenus,Male,0,17,9,0,26
Bihar,1,2013,Indians,Others,Female,0,0,4,0,4
Bihar,1,2013,Indians,Others,Male,3,39,81,16,139
Bihar,1,2013,Indians,"Under Trials",Female,0,349,492,127,968
Bihar,1,2013,Indians,"Under Trials",Male,0,10755,11310,3521,25586
Chandigarh,0,2001,Foreigners,Convicts,Female,0,0,0,0,0
Chandigarh,0,2001,Foreigners,Convicts,Male,0,0,2,1,3
Chandigarh,0,2001,Foreigners,Detenus,Female,0,0,0,0,0
Chandigarh,0,2001,Foreigners,Detenus,Male,0,0,0,0,0
Chandigarh,0,2001,Foreigners,Others,Female,0,0,0,0,0
Chandigarh,0,2001,Foreigners,Others,Male,0,0,0,0,0
Chandigarh,0,2001,Foreigners,"Under Trials",Female,0,0,0,0,0
Chandigarh,0,2001,Foreigners,"Under Trials",Male,0,0,0,0,0
Chandigarh,0,2001,Indians,Convicts,Female,0,2,4,0,6
Chandigarh,0,2001,Indians,Convicts,Male,2,29,56,6,93
Chandigarh,0,2001,Indians,Detenus,Female,0,0,0,0,0
Chandigarh,0,2001,Indians,Detenus,Male,0,0,0,0,0
Chandigarh,0,2001,Indians,Others,Female,0,0,0,0,0
Chandigarh,0,2001,Indians,Others,Male,0,0,0,0,0
Chandigarh,0,2001,Indians,"Under Trials",Female,0,7,9,2,18
Chandigarh,0,2001,Indians,"Under Trials",Male,19,107,148,32,306
Chandigarh,0,2002,Foreigners,Convicts,Female,0,0,0,0,0
Chandigarh,0,2002,Foreigners,Convicts,Male,0,0,2,0,2
Chandigarh,0,2002,Foreigners,Detenus,Female,0,0,0,0,0
Chandigarh,0,2002,Foreigners,Detenus,Male,0,0,0,0,0
Chandigarh,0,2002,Foreigners,Others,Female,0,0,0,0,0
Chandigarh,0,2002,Foreigners,Others,Male,0,0,0,0,0
Chandigarh,0,2002,Foreigners,"Under Trials",Female,0,0,0,0,0
Chandigarh,0,2002,Foreigners,"Under Trials",Male,0,0,0,0,0
Chandigarh,0,2002,Indians,Convicts,Female,0,2,4,1,7
Chandigarh,0,2002,Indians,Convicts,Male,0,35,55,12,102
Chandigarh,0,2002,Indians,Detenus,Female,0,0,0,0,0
Chandigarh,0,2002,Indians,Detenus,Male,0,0,0,0,0
Chandigarh,0,2002,Indians,Others,Female,0,0,0,0,0
Chandigarh,0,2002,Indians,Others,Male,0,0,0,0,0
Chandigarh,0,2002,Indians,"Under Trials",Female,0,6,8,2,16
Chandigarh,0,2002,Indians,"Under Trials",Male,0,169,110,50,329
Chandigarh,0,2003,Foreigners,Convicts,Female,0,0,0,0,0
Chandigarh,0,2003,Foreigners,Convicts,Male,0,0,2,0,2
Chandigarh,0,2003,Foreigners,Detenus,Female,0,0,0,0,0
Chandigarh,0,2003,Foreigners,Detenus,Male,0,0,0,0,0
Chandigarh,0,2003,Foreigners,Others,Female,0,0,0,0,0
Chandigarh,0,2003,Foreigners,Others,Male,0,0,0,0,0
Chandigarh,0,2003,Foreigners,"Under Trials",Female,0,0,0,0,0
Chandigarh,0,2003,Foreigners,"Under Trials",Male,0,1,0,0,1
Chandigarh,0,2003,Indians,Convicts,Female,0,1,6,2,9
Chandigarh,0,2003,Indians,Convicts,Male,0,35,74,24,133
Chandigarh,0,2003,Indians,Detenus,Female,0,0,0,0,0
Chandigarh,0,2003,Indians,Detenus,Male,0,0,0,0,0
Chandigarh,0,2003,Indians,Others,Female,0,0,0,0,0
Chandigarh,0,2003,Indians,Others,Male,0,0,0,0,0
Chandigarh,0,2003,Indians,"Under Trials",Female,0,3,10,5,18
Chandigarh,0,2003,Indians,"Under Trials",Male,0,109,165,88,362
Chandigarh,0,2004,Foreigners,Convicts,Female,0,0,0,0,0
Chandigarh,0,2004,Foreigners,Convicts,Male,0,0,2,0,2
Chandigarh,0,2004,Foreigners,Detenus,Female,0,0,0,0,0
Chandigarh,0,2004,Foreigners,Detenus,Male,0,0,0,0,0
Chandigarh,0,2004,Foreigners,Others,Female,0,0,0,0,0
Chandigarh,0,2004,Foreigners,Others,Male,0,0,0,0,0
Chandigarh,0,2004,Foreigners,"Under Trials",Female,0,0,0,0,0
Chandigarh,0,2004,Foreigners,"Under Trials",Male,0,1,0,0,1
Chandigarh,0,2004,Indians,Convicts,Female,0,1,5,1,7
Chandigarh,0,2004,Indians,Convicts,Male,0,28,62,21,111
Chandigarh,0,2004,Indians,Detenus,Female,0,0,0,0,0
Chandigarh,0,2004,Indians,Detenus,Male,0,0,0,0,0
Chandigarh,0,2004,Indians,Others,Female,0,0,0,0,0
Chandigarh,0,2004,Indians,Others,Male,0,0,0,0,0
Chandigarh,0,2004,Indians,"Under Trials",Female,0,6,16,2,24
Chandigarh,0,2004,Indians,"Under Trials",Male,0,149,168,87,404
Chandigarh,0,2005,Foreigners,Convicts,Female,0,0,0,0,0
Chandigarh,0,2005,Foreigners,Convicts,Male,0,0,2,0,2
Chandigarh,0,2005,Foreigners,Detenus,Female,0,0,0,0,0
Chandigarh,0,2005,Foreigners,Detenus,Male,0,0,0,0,0
Chandigarh,0,2005,Foreigners,Others,Female,0,0,0,0,0
Chandigarh,0,2005,Foreigners,Others,Male,0,0,0,0,0
Chandigarh,0,2005,Foreigners,"Under Trials",Female,0,0,0,0,0
Chandigarh,0,2005,Foreigners,"Under Trials",Male,0,2,2,0,4
Chandigarh,0,2005,Indians,Convicts,Female,0,2,2,2,6
Chandigarh,0,2005,Indians,Convicts,Male,0,17,42,17,76
Chandigarh,0,2005,Indians,Detenus,Female,0,0,0,0,0
Chandigarh,0,2005,Indians,Detenus,Male,0,0,0,0,0
Chandigarh,0,2005,Indians,Others,Female,0,0,0,0,0
Chandigarh,0,2005,Indians,Others,Male,0,0,0,0,0
Chandigarh,0,2005,Indians,"Under Trials",Female,0,7,9,4,20
Chandigarh,0,2005,Indians,"Under Trials",Male,0,135,150,62,347
Chandigarh,0,2006,Foreigners,Convicts,Female,0,0,0,0,0
Chandigarh,0,2006,Foreigners,Convicts,Male,0,0,2,0,2
Chandigarh,0,2006,Foreigners,Detenus,Female,0,0,0,0,0
Chandigarh,0,2006,Foreigners,Detenus,Male,0,0,0,0,0
Chandigarh,0,2006,Foreigners,Others,Female,0,0,0,0,0
Chandigarh,0,2006,Foreigners,Others,Male,0,0,0,0,0
Chandigarh,0,2006,Foreigners,"Under Trials",Female,0,0,0,0,0
Chandigarh,0,2006,Foreigners,"Under Trials",Male,0,3,2,0,5
