state_name,is_state,year,gender,education,convicts,under_trial,detenues,others,Total
"A & N Islands",0,2001,Female,"Below Class X",0,0,0,0,0
"A & N Islands",0,2001,Female,"Class X and above but below graduate",2,1,0,0,3
"A & N Islands",0,2001,Female,Graduate,0,0,0,0,0
"A & N Islands",0,2001,Female,"Holding technical degree/diploma etc",0,0,0,0,0
"A & N Islands",0,2001,Female,Illiterate,0,0,0,0,0
"A & N Islands",0,2001,Female,Post-Graduate,1,0,0,0,1
"A & N Islands",0,2001,Male,"Below Class X",14,8,0,0,22
"A & N Islands",0,2001,Male,"Class X and above but below graduate",153,112,0,0,265
"A & N Islands",0,2001,Male,Graduate,43,39,0,0,82
"A & N Islands",0,2001,Male,"Holding technical degree/diploma etc",0,0,0,0,0
"A & N Islands",0,2001,Male,Illiterate,0,0,0,0,0
"A & N Islands",0,2001,Male,Post-Graduate,4,6,0,0,10
"A & N Islands",0,2002,Female,"Below Class X",1,4,0,0,5
"A & N Islands",0,2002,Female,"Class X and above but below graduate",2,0,0,0,2
"A & N Islands",0,2002,Female,Graduate,0,0,0,0,0
"A & N Islands",0,2002,Female,"Holding technical degree/diploma etc",0,0,0,0,0
"A & N Islands",0,2002,Female,Illiterate,0,0,0,0,0
"A & N Islands",0,2002,Female,Post-Graduate,1,0,0,0,1
"A & N Islands",0,2002,Male,"Below Class X",18,30,0,0,48
"A & N Islands",0,2002,Male,"Class X and above but below graduate",73,125,0,0,198
"A & N Islands",0,2002,Male,Graduate,38,32,0,0,70
"A & N Islands",0,2002,Male,"Holding technical degree/diploma etc",0,0,0,0,0
"A & N Islands",0,2002,Male,Illiterate,0,0,0,0,0
"A & N Islands",0,2002,Male,Post-Graduate,4,3,0,0,7
"A & N Islands",0,2003,Female,"Below Class X",1,1,0,0,2
"A & N Islands",0,2003,Female,"Class X and above but below graduate",0,0,0,0,0
"A & N Islands",0,2003,Female,Graduate,1,0,0,0,1
"A & N Islands",0,2003,Female,"Holding technical degree/diploma etc",0,0,0,0,0
"A & N Islands",0,2003,Female,Illiterate,0,0,0,0,0
"A & N Islands",0,2003,Female,Post-Graduate,0,0,0,0,0
"A & N Islands",0,2003,Male,"Below Class X",75,178,0,0,253
"A & N Islands",0,2003,Male,"Class X and above but below graduate",10,2,0,0,12
"A & N Islands",0,2003,Male,Graduate,2,0,0,0,2
"A & N Islands",0,2003,Male,"Holding technical degree/diploma etc",0,0,0,0,0
"A & N Islands",0,2003,Male,Illiterate,3,23,0,0,26
"A & N Islands",0,2003,Male,Post-Graduate,0,0,0,0,0
"A & N Islands",0,2004,Female,"Below Class X",1,1,0,0,2
"A & N Islands",0,2004,Female,"Class X and above but below graduate",0,0,0,0,0
"A & N Islands",0,2004,Female,Graduate,1,0,0,0,1
"A & N Islands",0,2004,Female,"Holding technical degree/diploma etc",0,0,0,0,0
"A & N Islands",0,2004,Female,Illiterate,0,0,0,0,0
"A & N Islands",0,2004,Female,Post-Graduate,0,0,0,0,0
"A & N Islands",0,2004,Male,"Below Class X",48,142,0,0,190
"A & N Islands",0,2004,Male,"Class X and above but below graduate",5,16,0,0,21
"A & N Islands",0,2004,Male,Graduate,1,1,0,0,2
"A & N Islands",0,2004,Male,"Holding technical degree/diploma etc",0,0,0,0,0
"A & N Islands",0,2004,Male,Illiterate,0,5,0,0,5
"A & N Islands",0,2004,Male,Post-Graduate,0,0,0,0,0
"A & N Islands",0,2005,Female,"Below Class X",0,2,0,0,2
"A & N Islands",0,2005,Female,"Class X and above but below graduate",0,0,0,0,0
"A & N Islands",0,2005,Female,Graduate,1,0,0,0,1
"A & N Islands",0,2005,Female,"Holding technical degree/diploma etc",0,0,0,0,0
"A & N Islands",0,2005,Female,Illiterate,0,1,0,0,1
"A & N Islands",0,2005,Female,Post-Graduate,0,0,0,0,0
"A & N Islands",0,2005,Male,"Below Class X",46,137,0,0,183
"A & N Islands",0,2005,Male,"Class X and above but below graduate",14,10,0,0,24
"A & N Islands",0,2005,Male,Graduate,1,1,0,0,2
"A & N Islands",0,2005,Male,"Holding technical degree/diploma etc",0,0,0,0,0
"A & N Islands",0,2005,Male,Illiterate,4,7,0,0,11
"A & N Islands",0,2005,Male,Post-Graduate,0,0,0,0,0
"A & N Islands",0,2006,Female,"Below Class X",0,0,0,0,0
"A & N Islands",0,2006,Female,"Class X and above but below graduate",0,0,0,0,0
"A & N Islands",0,2006,Female,Graduate,1,0,0,0,1
"A & N Islands",0,2006,Female,"Holding technical degree/diploma etc",0,0,0,0,0
"A & N Islands",0,2006,Female,Illiterate,0,1,0,0,1
"A & N Islands",0,2006,Female,Post-Graduate,0,0,0,0,0
"A & N Islands",0,2006,Male,"Below Class X",61,246,0,0,307
"A & N Islands",0,2006,Male,"Class X and above but below graduate",14,10,0,0,24
"A & N Islands",0,2006,Male,Graduate,1,1,0,0,2
"A & N Islands",0,2006,Male,"Holding technical degree/diploma etc",0,0,0,0,0
"A & N Islands",0,2006,Male,Illiterate,4,7,0,0,11
"A & N Islands",0,2006,Male,Post-Graduate,0,0,0,0,0
"A & N Islands",0,2007,Female,"Below Class X",0,1,0,0,1
"A & N Islands",0,2007,Female,"Class X and above but below graduate",1,0,0,0,1
"A & N Islands",0,2007,Female,Graduate,0,0,0,0,0
"A & N Islands",0,2007,Female,"Holding technical degree/diploma etc",0,0,0,0,0
"A & N Islands",0,2007,Female,Illiterate,0,0,0,0,0
"A & N Islands",0,2007,Female,Post-Graduate,0,0,0,0,0
"A & N Islands",0,2007,Male,"Below Class X",82,314,0,0,396
"A & N Islands",0,2007,Male,"Class X and above but below graduate",3,7,0,0,10
"A & N Islands",0,2007,Male,Graduate,1,1,0,0,2
"A & N Islands",0,2007,Male,"Holding technical degree/diploma etc",0,0,0,0,0
"A & N Islands",0,2007,Male,Illiterate,1,2,0,0,3
"A & N Islands",0,2007,Male,Post-Graduate,0,0,0,0,0
"A & N Islands",0,2008,Female,"Below Class X",0,0,0,0,0
"A & N Islands",0,2008,Female,"Class X and above but below graduate",0,0,0,0,0
"A & N Islands",0,2008,Female,Graduate,0,0,0,0,0
"A & N Islands",0,2008,Female,"Holding technical degree/diploma etc",0,0,0,0,0
"A & N Islands",0,2008,Female,Illiterate,0,0,0,0,0
"A & N Islands",0,2008,Female,Post-Graduate,0,0,0,0,0
"A & N Islands",0,2008,Male,"Below Class X",64,137,0,0,201
"A & N Islands",0,2008,Male,"Class X and above but below graduate",3,12,0,0,15
"A & N Islands",0,2008,Male,Graduate,1,2,0,0,3
"A & N Islands",0,2008,Male,"Holding technical degree/diploma etc",0,0,0,0,0
"A & N Islands",0,2008,Male,Illiterate,0,2,0,0,2
"A & N Islands",0,2008,Male,Post-Graduate,0,0,0,0,0
"A & N Islands",0,2009,Female,"Below Class X",0,0,0,0,0
"A & N Islands",0,2009,Female,"Class X and above but below graduate",0,0,0,0,0
"A & N Islands",0,2009,Female,Graduate,0,0,0,0,0
"A & N Islands",0,2009,Female,"Holding technical degree/diploma etc",0,0,0,0,0
"A & N Islands",0,2009,Female,Illiterate,0,0,0,0,0
"A & N Islands",0,2009,Female,Post-Graduate,0,0,0,0,0
"A & N Islands",0,2009,Male,"Below Class X",43,153,0,0,196
"A & N Islands",0,2009,Male,"Class X and above but below graduate",4,22,0,0,26
"A & N Islands",0,2009,Male,Graduate,1,2,0,0,3
"A & N Islands",0,2009,Male,"Holding technical degree/diploma etc",0,0,0,0,0
"A & N Islands",0,2009,Male,Illiterate,0,3,0,0,3
"A & N Islands",0,2009,Male,Post-Graduate,0,0,0,0,0
"A & N Islands",0,2010,Female,"Below Class X",0,2,0,0,2
"A & N Islands",0,2010,Female,"Class X and above but below graduate",0,0,0,0,0
"A & N Islands",0,2010,Female,Graduate,0,0,0,0,0
"A & N Islands",0,2010,Female,"Holding technical degree/diploma etc",0,0,0,0,0
"A & N Islands",0,2010,Female,Illiterate,0,0,0,0,0
"A & N Islands",0,2010,Female,Post-Graduate,0,0,0,0,0
"A & N Islands",0,2010,Male,"Below Class X",62,504,0,0,566
"A & N Islands",0,2010,Male,"Class X and above but below graduate",49,29,0,0,78
"A & N Islands",0,2010,Male,Graduate,5,2,0,0,7
"A & N Islands",0,2010,Male,"Holding technical degree/diploma etc",9,12,0,0,21
"A & N Islands",0,2010,Male,Illiterate,4,7,0,0,11
"A & N Islands",0,2010,Male,Post-Graduate,0,3,0,0,3
"A & N Islands",0,2011,Female,"Below Class X",0,2,0,0,2
"A & N Islands",0,2011,Female,"Class X and above but below graduate",0,5,0,0,5
"A & N Islands",0,2011,Female,Graduate,0,0,0,0,0
"A & N Islands",0,2011,Female,"Holding technical degree/diploma etc",0,0,0,0,0
"A & N Islands",0,2011,Female,Illiterate,0,0,0,0,0
"A & N Islands",0,2011,Female,Post-Graduate,0,0,0,0,0
"A & N Islands",0,2011,Male,"Below Class X",213,490,0,0,703
"A & N Islands",0,2011,Male,"Class X and above but below graduate",120,60,0,0,180
"A & N Islands",0,2011,Male,Graduate,35,55,0,0,90
"A & N Islands",0,2011,Male,"Holding technical degree/diploma etc",5,9,0,0,14
"A & N Islands",0,2011,Male,Illiterate,35,70,0,0,105
"A & N Islands",0,2011,Male,Post-Graduate,7,13,0,0,20
"A & N Islands",0,2012,Female,"Below Class X",0,5,0,0,5
"A & N Islands",0,2012,Female,"Class X and above but below graduate",0,4,0,0,4
"A & N Islands",0,2012,Female,Graduate,0,0,0,0,0
"A & N Islands",0,2012,Female,"Holding technical degree/diploma etc",0,0,0,0,0
"A & N Islands",0,2012,Female,Illiterate,0,0,0,0,0
"A & N Islands",0,2012,Female,Post-Graduate,0,0,0,0,0
"A & N Islands",0,2012,Male,"Below Class X",419,215,0,0,634
"A & N Islands",0,2012,Male,"Class X and above but below graduate",231,85,0,0,316
"A & N Islands",0,2012,Male,Graduate,11,3,0,0,14
"A & N Islands",0,2012,Male,"Holding technical degree/diploma etc",7,5,0,0,12
"A & N Islands",0,2012,Male,Illiterate,89,47,0,0,136
"A & N Islands",0,2012,Male,Post-Graduate,3,2,0,0,5
"A & N Islands",0,2013,Female,Illiterate,0,0,0,0,0
"A & N Islands",0,2013,Female,"Below Class X",1,6,0,0,7
"A & N Islands",0,2013,Female,"Class X and above but below graduate",0,1,0,0,1
"A & N Islands",0,2013,Female,Graduate,0,0,0,0,0
"A & N Islands",0,2013,Female,Post-Graduate,0,0,0,0,0
"A & N Islands",0,2013,Female,"Holding technical degree/diploma etc",0,0,0,0,0
"A & N Islands",0,2013,Male,Illiterate,11,3,0,0,14
"A & N Islands",0,2013,Male,"Below Class X",579,136,0,0,715
"A & N Islands",0,2013,Male,"Class X and above but below graduate",344,38,0,0,382
"A & N Islands",0,2013,Male,Graduate,11,3,0,0,14
"A & N Islands",0,2013,Male,Post-Graduate,3,2,0,0,5
"A & N Islands",0,2013,Male,"Holding technical degree/diploma etc",7,4,0,0,11
"Andhra Pradesh",1,2001,Female,"Below Class X",20,89,0,0,109
"Andhra Pradesh",1,2001,Female,"Class X and above but below graduate",0,26,0,0,26
"Andhra Pradesh",1,2001,Female,Graduate,0,3,0,0,3
"Andhra Pradesh",1,2001,Female,"Holding technical degree/diploma etc",0,2,0,0,2
"Andhra Pradesh",1,2001,Female,Illiterate,82,361,1,0,444
"Andhra Pradesh",1,2001,Female,Post-Graduate,0,1,0,0,1
"Andhra Pradesh",1,2001,Male,"Below Class X",1729,2833,0,10,4572
"Andhra Pradesh",1,2001,Male,"Class X and above but below graduate",532,1260,2,2,1796
"Andhra Pradesh",1,2001,Male,Graduate,299,272,0,2,573
"Andhra Pradesh",1,2001,Male,"Holding technical degree/diploma etc",46,164,1,0,211
"Andhra Pradesh",1,2001,Male,Illiterate,1441,3794,1,8,5244
"Andhra Pradesh",1,2001,Male,Post-Graduate,72,37,0,0,109
"Andhra Pradesh",1,2002,Female,"Below Class X",54,74,0,0,128
"Andhra Pradesh",1,2002,Female,"Class X and above but below graduate",4,16,0,0,20
"Andhra Pradesh",1,2002,Female,Graduate,0,2,0,0,2
"Andhra Pradesh",1,2002,Female,"Holding technical degree/diploma etc",0,1,0,0,1
"Andhra Pradesh",1,2002,Female,Illiterate,93,464,0,0,557
"Andhra Pradesh",1,2002,Female,Post-Graduate,0,0,0,0,0
"Andhra Pradesh",1,2002,Male,"Below Class X",1879,2882,0,0,4761
"Andhra Pradesh",1,2002,Male,"Class X and above but below graduate",647,1150,2,0,1799
"Andhra Pradesh",1,2002,Male,Graduate,189,181,0,0,370
"Andhra Pradesh",1,2002,Male,"Holding technical degree/diploma etc",54,95,0,0,149
"Andhra Pradesh",1,2002,Male,Illiterate,1931,3649,0,0,5580
"Andhra Pradesh",1,2002,Male,Post-Graduate,21,35,0,0,56
"Andhra Pradesh",1,2003,Female,"Below Class X",69,133,0,0,202
"Andhra Pradesh",1,2003,Female,"Class X and above but below graduate",10,37,0,0,47
"Andhra Pradesh",1,2003,Female,Graduate,1,6,0,0,7
"Andhra Pradesh",1,2003,Female,"Holding technical degree/diploma etc",0,0,0,0,0
"Andhra Pradesh",1,2003,Female,Illiterate,91,365,0,0,456
"Andhra Pradesh",1,2003,Female,Post-Graduate,1,0,0,0,1
"Andhra Pradesh",1,2003,Male,"Below Class X",2317,3507,6,0,5830
"Andhra Pradesh",1,2003,Male,"Class X and above but below graduate",736,1178,3,0,1917
"Andhra Pradesh",1,2003,Male,Graduate,210,303,2,0,515
"Andhra Pradesh",1,2003,Male,"Holding technical degree/diploma etc",27,82,0,0,109
"Andhra Pradesh",1,2003,Male,Illiterate,1653,3242,7,0,4902
"Andhra Pradesh",1,2003,Male,Post-Graduate,32,66,0,0,98
"Andhra Pradesh",1,2004,Female,"Below Class X",50,145,0,0,195
"Andhra Pradesh",1,2004,Female,"Class X and above but below graduate",1,23,0,0,24
"Andhra Pradesh",1,2004,Female,Graduate,3,7,0,0,10
"Andhra Pradesh",1,2004,Female,"Holding technical degree/diploma etc",0,0,0,0,0
"Andhra Pradesh",1,2004,Female,Illiterate,143,404,9,0,556
"Andhra Pradesh",1,2004,Female,Post-Graduate,0,0,0,0,0
"Andhra Pradesh",1,2004,Male,"Below Class X",2084,3463,9,0,5556
"Andhra Pradesh",1,2004,Male,"Class X and above but below graduate",645,1089,8,0,1742
"Andhra Pradesh",1,2004,Male,Graduate,162,301,2,0,465
"Andhra Pradesh",1,2004,Male,"Holding technical degree/diploma etc",30,54,0,0,84
"Andhra Pradesh",1,2004,Male,Illiterate,1616,3546,10,0,5172
"Andhra Pradesh",1,2004,Male,Post-Graduate,31,46,0,0,77
"Andhra Pradesh",1,2005,Female,"Below Class X",69,233,0,0,302
"Andhra Pradesh",1,2005,Female,"Class X and above but below graduate",1,26,0,0,27
"Andhra Pradesh",1,2005,Female,Graduate,2,6,0,0,8
"Andhra Pradesh",1,2005,Female,"Holding technical degree/diploma etc",0,0,0,0,0
"Andhra Pradesh",1,2005,Female,Illiterate,126,421,0,0,547
"Andhra Pradesh",1,2005,Female,Post-Graduate,0,0,0,0,0
"Andhra Pradesh",1,2005,Male,"Below Class X",2271,4056,2,0,6329
"Andhra Pradesh",1,2005,Male,"Class X and above but below graduate",701,1112,1,0,1814
"Andhra Pradesh",1,2005,Male,Graduate,181,322,1,0,504
"Andhra Pradesh",1,2005,Male,"Holding technical degree/diploma etc",33,58,0,0,91
"Andhra Pradesh",1,2005,Male,Illiterate,1592,3320,6,0,4918
"Andhra Pradesh",1,2005,Male,Post-Graduate,35,38,0,0,73
"Andhra Pradesh",1,2006,Female,"Below Class X",61,132,1,0,194
"Andhra Pradesh",1,2006,Female,"Class X and above but below graduate",6,21,0,0,27
"Andhra Pradesh",1,2006,Female,Graduate,7,2,0,0,9
"Andhra Pradesh",1,2006,Female,"Holding technical degree/diploma etc",1,0,0,0,1
"Andhra Pradesh",1,2006,Female,Illiterate,132,482,0,0,614
"Andhra Pradesh",1,2006,Female,Post-Graduate,0,0,0,0,0
"Andhra Pradesh",1,2006,Male,"Below Class X",2202,3653,16,23,5894
"Andhra Pradesh",1,2006,Male,"Class X and above but below graduate",818,1429,0,3,2250
"Andhra Pradesh",1,2006,Male,Graduate,167,304,0,1,472
"Andhra Pradesh",1,2006,Male,"Holding technical degree/diploma etc",141,101,0,0,242
"Andhra Pradesh",1,2006,Male,Illiterate,1700,3908,1,5,5614
"Andhra Pradesh",1,2006,Male,Post-Graduate,52,50,0,2,104
"Andhra Pradesh",1,2007,Female,"Below Class X",52,132,0,0,184
"Andhra Pradesh",1,2007,Female,"Class X and above but below graduate",18,23,0,0,41
"Andhra Pradesh",1,2007,Female,Graduate,6,8,0,0,14
"Andhra Pradesh",1,2007,Female,"Holding technical degree/diploma etc",1,6,0,0,7
"Andhra Pradesh",1,2007,Female,Illiterate,155,466,0,0,621
"Andhra Pradesh",1,2007,Female,Post-Graduate,0,0,0,0,0
"Andhra Pradesh",1,2007,Male,"Below Class X",2478,4034,11,11,6534
"Andhra Pradesh",1,2007,Male,"Class X and above but below graduate",1019,957,5,6,1987
"Andhra Pradesh",1,2007,Male,Graduate,189,221,0,0,410
"Andhra Pradesh",1,2007,Male,"Holding technical degree/diploma etc",166,154,0,0,320
"Andhra Pradesh",1,2007,Male,Illiterate,1420,3386,5,3,4814
"Andhra Pradesh",1,2007,Male,Post-Graduate,55,58,0,0,113
"Andhra Pradesh",1,2008,Female,"Below Class X",55,150,0,0,205
"Andhra Pradesh",1,2008,Female,"Class X and above but below graduate",14,38,0,0,52
"Andhra Pradesh",1,2008,Female,Graduate,8,4,0,0,12
"Andhra Pradesh",1,2008,Female,"Holding technical degree/diploma etc",1,1,0,0,2
"Andhra Pradesh",1,2008,Female,Illiterate,144,458,0,0,602
"Andhra Pradesh",1,2008,Female,Post-Graduate,1,0,0,0,1
"Andhra Pradesh",1,2008,Male,"Below Class X",2489,3640,5,5,6139
"Andhra Pradesh",1,2008,Male,"Class X and above but below graduate",832,1190,9,3,2034
"Andhra Pradesh",1,2008,Male,Graduate,323,238,2,0,563
"Andhra Pradesh",1,2008,Male,"Holding technical degree/diploma etc",41,88,0,0,129
"Andhra Pradesh",1,2008,Male,Illiterate,1370,2820,5,4,4199
"Andhra Pradesh",1,2008,Male,Post-Graduate,100,42,0,0,142
"Andhra Pradesh",1,2009,Female,"Below Class X",58,143,1,0,202
"Andhra Pradesh",1,2009,Female,"Class X and above but below graduate",16,45,0,0,61
"Andhra Pradesh",1,2009,Female,Graduate,13,6,0,0,19
"Andhra Pradesh",1,2009,Female,"Holding technical degree/diploma etc",0,2,0,0,2
"Andhra Pradesh",1,2009,Female,Illiterate,108,378,1,0,487
"Andhra Pradesh",1,2009,Female,Post-Graduate,2,3,0,0,5
"Andhra Pradesh",1,2009,Male,"Below Class X",2073,2926,29,11,5039
"Andhra Pradesh",1,2009,Male,"Class X and above but below graduate",799,1218,7,0,2024
"Andhra Pradesh",1,2009,Male,Graduate,286,447,0,0,733
"Andhra Pradesh",1,2009,Male,"Holding technical degree/diploma etc",26,114,0,0,140
"Andhra Pradesh",1,2009,Male,Illiterate,1079,2825,2,4,3910
"Andhra Pradesh",1,2009,Male,Post-Graduate,76,110,0,0,186
"Andhra Pradesh",1,2010,Female,"Below Class X",77,151,0,0,228
"Andhra Pradesh",1,2010,Female,"Class X and above but below graduate",22,28,0,0,50
"Andhra Pradesh",1,2010,Female,Graduate,4,8,0,0,12
"Andhra Pradesh",1,2010,Female,"Holding technical degree/diploma etc",0,1,0,0,1
"Andhra Pradesh",1,2010,Female,Illiterate,127,356,2,0,485
"Andhra Pradesh",1,2010,Female,Post-Graduate,1,2,0,0,3
"Andhra Pradesh",1,2010,Male,"Below Class X",1546,2923,21,5,4495
"Andhra Pradesh",1,2010,Male,"Class X and above but below graduate",786,1030,0,0,1816
"Andhra Pradesh",1,2010,Male,Graduate,387,261,0,0,648
"Andhra Pradesh",1,2010,Male,"Holding technical degree/diploma etc",110,144,2,1,257
"Andhra Pradesh",1,2010,Male,Illiterate,1638,2693,5,7,4343
"Andhra Pradesh",1,2010,Male,Post-Graduate,100,52,0,0,152
"Andhra Pradesh",1,2011,Female,"Below Class X",40,165,0,0,205
"Andhra Pradesh",1,2011,Female,"Class X and above but below graduate",27,37,0,0,64
"Andhra Pradesh",1,2011,Female,Graduate,2,6,0,0,8
"Andhra Pradesh",1,2011,Female,"Holding technical degree/diploma etc",0,0,0,0,0
"Andhra Pradesh",1,2011,Female,Illiterate,191,371,1,0,563
"Andhra Pradesh",1,2011,Female,Post-Graduate,1,1,0,0,2
"Andhra Pradesh",1,2011,Male,"Below Class X",1660,3682,9,13,5364
"Andhra Pradesh",1,2011,Male,"Class X and above but below graduate",803,1264,2,2,2071
"Andhra Pradesh",1,2011,Male,Graduate,196,294,0,0,490
"Andhra Pradesh",1,2011,Male,"Holding technical degree/diploma etc",91,84,0,0,175
"Andhra Pradesh",1,2011,Male,Illiterate,1579,2562,2,2,4145
"Andhra Pradesh",1,2011,Male,Post-Graduate,48,78,0,0,126
"Andhra Pradesh",1,2012,Female,"Below Class X",51,157,0,0,208
"Andhra Pradesh",1,2012,Female,"Class X and above but below graduate",14,39,0,0,53
"Andhra Pradesh",1,2012,Female,Graduate,4,7,0,0,11
"Andhra Pradesh",1,2012,Female,"Holding technical degree/diploma etc",0,1,0,0,1
"Andhra Pradesh",1,2012,Female,Illiterate,215,432,1,1,649
"Andhra Pradesh",1,2012,Female,Post-Graduate,1,1,0,0,2
"Andhra Pradesh",1,2012,Male,"Below Class X",1699,3295,1,5,5000
"Andhra Pradesh",1,2012,Male,"Class X and above but below graduate",795,1363,2,2,2162
"Andhra Pradesh",1,2012,Male,Graduate,313,422,0,0,735
"Andhra Pradesh",1,2012,Male,"Holding technical degree/diploma etc",61,134,0,0,195
"Andhra Pradesh",1,2012,Male,Illiterate,1506,2556,0,0,4062
"Andhra Pradesh",1,2012,Male,Post-Graduate,63,144,0,0,207
"Andhra Pradesh",1,2013,Female,Illiterate,212,423,1,0,636
"Andhra Pradesh",1,2013,Female,"Below Class X",44,128,0,0,172
"Andhra Pradesh",1,2013,Female,"Class X and above but below graduate",11,50,0,0,61
"Andhra Pradesh",1,2013,Female,Graduate,21,8,0,0,29
"Andhra Pradesh",1,2013,Female,Post-Graduate,1,0,0,0,1
"Andhra Pradesh",1,2013,Female,"Holding technical degree/diploma etc",0,0,0,0,0
"Andhra Pradesh",1,2013,Male,Illiterate,1580,3215,0,1,4796
"Andhra Pradesh",1,2013,Male,"Below Class X",1675,3429,0,5,5109
"Andhra Pradesh",1,2013,Male,"Class X and above but below graduate",784,1693,6,1,2484
"Andhra Pradesh",1,2013,Male,Graduate,172,445,0,0,617
"Andhra Pradesh",1,2013,Male,Post-Graduate,52,151,0,0,203
"Andhra Pradesh",1,2013,Male,"Holding technical degree/diploma etc",46,159,0,0,205
"Arunachal Pradesh",1,2009,Female,"Below Class X",0,0,0,0,0
"Arunachal Pradesh",1,2009,Female,"Class X and above but below graduate",0,1,0,0,1
"Arunachal Pradesh",1,2009,Female,Graduate,0,0,0,0,0
"Arunachal Pradesh",1,2009,Female,"Holding technical degree/diploma etc",0,0,0,0,0
"Arunachal Pradesh",1,2009,Female,Illiterate,0,3,0,0,3
"Arunachal Pradesh",1,2009,Female,Post-Graduate,0,0,0,0,0
"Arunachal Pradesh",1,2009,Male,"Below Class X",1,28,0,0,29
"Arunachal Pradesh",1,2009,Male,"Class X and above but below graduate",0,11,0,0,11
"Arunachal Pradesh",1,2009,Male,Graduate,1,1,0,0,2
"Arunachal Pradesh",1,2009,Male,"Holding technical degree/diploma etc",0,0,0,0,0
"Arunachal Pradesh",1,2009,Male,Illiterate,0,16,0,0,16
"Arunachal Pradesh",1,2009,Male,Post-Graduate,0,0,0,0,0
"Arunachal Pradesh",1,2010,Female,"Below Class X",0,1,0,0,1
"Arunachal Pradesh",1,2010,Female,"Class X and above but below graduate",0,2,0,0,2
"Arunachal Pradesh",1,2010,Female,Graduate,0,0,0,0,0
"Arunachal Pradesh",1,2010,Female,"Holding technical degree/diploma etc",0,0,0,0,0
"Arunachal Pradesh",1,2010,Female,Illiterate,0,1,0,0,1
"Arunachal Pradesh",1,2010,Female,Post-Graduate,0,0,0,0,0
"Arunachal Pradesh",1,2010,Male,"Below Class X",1,32,0,0,33
"Arunachal Pradesh",1,2010,Male,"Class X and above but below graduate",1,8,0,0,9
"Arunachal Pradesh",1,2010,Male,Graduate,0,1,0,0,1
"Arunachal Pradesh",1,2010,Male,"Holding technical degree/diploma etc",0,0,0,0,0
"Arunachal Pradesh",1,2010,Male,Illiterate,2,7,0,0,9
"Arunachal Pradesh",1,2010,Male,Post-Graduate,1,0,0,0,1
"Arunachal Pradesh",1,2011,Female,"Below Class X",0,2,0,0,2
"Arunachal Pradesh",1,2011,Female,"Class X and above but below graduate",0,1,0,0,1
"Arunachal Pradesh",1,2011,Female,Graduate,0,0,0,0,0
"Arunachal Pradesh",1,2011,Female,"Holding technical degree/diploma etc",0,0,0,0,0
"Arunachal Pradesh",1,2011,Female,Illiterate,0,2,0,0,2
"Arunachal Pradesh",1,2011,Female,Post-Graduate,0,0,0,0,0
"Arunachal Pradesh",1,2011,Male,"Below Class X",5,26,0,0,31
"Arunachal Pradesh",1,2011,Male,"Class X and above but below graduate",0,3,0,0,3
"Arunachal Pradesh",1,2011,Male,Graduate,0,1,0,0,1
"Arunachal Pradesh",1,2011,Male,"Holding technical degree/diploma etc",0,0,0,0,0
"Arunachal Pradesh",1,2011,Male,Illiterate,0,14,0,0,14
"Arunachal Pradesh",1,2011,Male,Post-Graduate,1,0,0,0,1
"Arunachal Pradesh",1,2012,Female,"Below Class X",0,2,0,0,2
"Arunachal Pradesh",1,2012,Female,"Class X and above but below graduate",0,0,0,0,0
"Arunachal Pradesh",1,2012,Female,Graduate,0,0,0,0,0
"Arunachal Pradesh",1,2012,Female,"Holding technical degree/diploma etc",0,0,0,0,0
"Arunachal Pradesh",1,2012,Female,Illiterate,0,2,0,0,2
"Arunachal Pradesh",1,2012,Female,Post-Graduate,0,0,0,0,0
"Arunachal Pradesh",1,2012,Male,"Below Class X",4,25,0,0,29
"Arunachal Pradesh",1,2012,Male,"Class X and above but below graduate",0,13,0,0,13
"Arunachal Pradesh",1,2012,Male,Graduate,0,1,0,0,1
"Arunachal Pradesh",1,2012,Male,"Holding technical degree/diploma etc",0,0,0,0,0
"Arunachal Pradesh",1,2012,Male,Illiterate,0,24,0,0,24
"Arunachal Pradesh",1,2012,Male,Post-Graduate,0,0,0,0,0
"Arunachal Pradesh",1,2013,Female,Illiterate,1,1,0,0,2
"Arunachal Pradesh",1,2013,Female,"Below Class X",0,0,0,0,0
"Arunachal Pradesh",1,2013,Female,"Class X and above but below graduate",0,0,0,0,0
"Arunachal Pradesh",1,2013,Female,Graduate,0,0,0,0,0
"Arunachal Pradesh",1,2013,Female,Post-Graduate,0,0,0,0,0
"Arunachal Pradesh",1,2013,Female,"Holding technical degree/diploma etc",0,0,0,0,0
"Arunachal Pradesh",1,2013,Male,Illiterate,6,22,0,0,28
"Arunachal Pradesh",1,2013,Male,"Below Class X",1,26,0,0,27
"Arunachal Pradesh",1,2013,Male,"Class X and above but below graduate",3,25,0,0,28
"Arunachal Pradesh",1,2013,Male,Graduate,0,6,0,0,6
"Arunachal Pradesh",1,2013,Male,Post-Graduate,0,1,0,0,1
"Arunachal Pradesh",1,2013,Male,"Holding technical degree/diploma etc",0,0,0,0,0
Assam,1,2001,Female,"Below Class X",23,40,0,0,63
Assam,1,2001,Female,"Class X and above but below graduate",6,17,0,0,23
Assam,1,2001,Female,Graduate,0,0,0,0,0
Assam,1,2001,Female,"Holding technical degree/diploma etc",0,0,0,0,0
Assam,1,2001,Female,Illiterate,18,70,0,0,88
Assam,1,2001,Female,Post-Graduate,0,0,0,0,0
Assam,1,2001,Male,"Below Class X",1172,1567,4,0,2743
Assam,1,2001,Male,"Class X and above but below graduate",352,557,8,0,917
Assam,1,2001,Male,Graduate,44,62,3,0,109
Assam,1,2001,Male,"Holding technical degree/diploma etc",4,5,0,0,9
Assam,1,2001,Male,Illiterate,782,1747,1,1,2531
Assam,1,2001,Male,Post-Graduate,2,0,0,0,2
Assam,1,2002,Female,"Below Class X",25,63,0,0,88
Assam,1,2002,Female,"Class X and above but below graduate",5,9,0,0,14
Assam,1,2002,Female,Graduate,0,0,0,0,0
Assam,1,2002,Female,"Holding technical degree/diploma etc",0,0,0,0,0
Assam,1,2002,Female,Illiterate,24,41,0,0,65
Assam,1,2002,Female,Post-Graduate,0,0,0,0,0
Assam,1,2002,Male,"Below Class X",1389,1790,7,0,3186
Assam,1,2002,Male,"Class X and above but below graduate",366,579,11,0,956
Assam,1,2002,Male,Graduate,40,82,0,0,122
Assam,1,2002,Male,"Holding technical degree/diploma etc",4,10,0,0,14
Assam,1,2002,Male,Illiterate,874,1737,0,0,2611
Assam,1,2002,Male,Post-Graduate,3,8,0,0,11
Assam,1,2003,Female,"Below Class X",30,51,0,0,81
Assam,1,2003,Female,"Class X and above but below graduate",4,17,2,0,23
Assam,1,2003,Female,Graduate,0,6,0,0,6
Assam,1,2003,Female,"Holding technical degree/diploma etc",0,1,0,0,1
Assam,1,2003,Female,Illiterate,38,61,0,0,99
Assam,1,2003,Female,Post-Graduate,0,1,0,0,1
Assam,1,2003,Male,"Below Class X",1369,1536,4,0,2909
Assam,1,2003,Male,"Class X and above but below graduate",455,910,21,0,1386
Assam,1,2003,Male,Graduate,32,141,4,0,177
Assam,1,2003,Male,"Holding technical degree/diploma etc",6,4,0,0,10
Assam,1,2003,Male,Illiterate,1143,1795,0,3,2941
Assam,1,2003,Male,Post-Graduate,3,0,0,0,3
Assam,1,2004,Female,"Below Class X",39,44,7,0,90
Assam,1,2004,Female,"Class X and above but below graduate",6,21,26,0,53
Assam,1,2004,Female,Graduate,0,3,6,0,9
Assam,1,2004,Female,"Holding technical degree/diploma etc",0,0,0,0,0
Assam,1,2004,Female,Illiterate,32,66,1,0,99
Assam,1,2004,Female,Post-Graduate,0,0,0,0,0
Assam,1,2004,Male,"Below Class X",1704,1645,60,3,3412
Assam,1,2004,Male,"Class X and above but below graduate",331,851,123,1,1306
Assam,1,2004,Male,Graduate,42,132,29,1,204
Assam,1,2004,Male,"Holding technical degree/diploma etc",11,2,0,0,13
Assam,1,2004,Male,Illiterate,1099,1534,3,2,2638
Assam,1,2004,Male,Post-Graduate,4,0,0,0,4
Assam,1,2005,Female,"Below Class X",36,60,0,0,96
Assam,1,2005,Female,"Class X and above but below graduate",5,7,3,0,15
Assam,1,2005,Female,Graduate,0,1,0,0,1
Assam,1,2005,Female,"Holding technical degree/diploma etc",0,0,0,0,0
Assam,1,2005,Female,Illiterate,37,65,0,0,102
Assam,1,2005,Female,Post-Graduate,0,0,0,0,0
Assam,1,2005,Male,"Below Class X",1672,2017,12,0,3701
Assam,1,2005,Male,"Class X and above but below graduate",549,898,16,1,1464
Assam,1,2005,Male,Graduate,34,61,3,0,98
Assam,1,2005,Male,"Holding technical degree/diploma etc",9,12,0,0,21
Assam,1,2005,Male,Illiterate,1130,1876,0,3,3009
Assam,1,2005,Male,Post-Graduate,3,3,0,0,6
Assam,1,2006,Female,"Below Class X",45,69,0,0,114
Assam,1,2006,Female,"Class X and above but below graduate",8,16,0,0,24
Assam,1,2006,Female,Graduate,0,3,0,0,3
Assam,1,2006,Female,"Holding technical degree/diploma etc",0,0,0,0,0
Assam,1,2006,Female,Illiterate,31,70,0,0,101
Assam,1,2006,Female,Post-Graduate,0,1,0,0,1
Assam,1,2006,Male,"Below Class X",1956,2174,5,0,4135
Assam,1,2006,Male,"Class X and above but below graduate",559,950,17,1,1527
Assam,1,2006,Male,Graduate,39,112,3,0,154
Assam,1,2006,Male,"Holding technical degree/diploma etc",5,5,0,0,10
Assam,1,2006,Male,Illiterate,900,1558,2,1,2461
Assam,1,2006,Male,Post-Graduate,6,2,0,0,8
Assam,1,2007,Female,"Below Class X",59,51,2,0,112
Assam,1,2007,Female,"Class X and above but below graduate",9,27,2,0,38
Assam,1,2007,Female,Graduate,1,1,0,0,2
Assam,1,2007,Female,"Holding technical degree/diploma etc",0,0,0,0,0
Assam,1,2007,Female,Illiterate,31,67,1,0,99
Assam,1,2007,Female,Post-Graduate,0,0,0,0,0
Assam,1,2007,Male,"Below Class X",2165,2027,7,0,4199
Assam,1,2007,Male,"Class X and above but below graduate",444,987,18,0,1449
Assam,1,2007,Male,Graduate,43,96,0,0,139
Assam,1,2007,Male,"Holding technical degree/diploma etc",9,21,0,0,30
Assam,1,2007,Male,Illiterate,816,1802,5,0,2623
Assam,1,2007,Male,Post-Graduate,3,11,0,0,14
Assam,1,2008,Female,"Below Class X",49,95,0,0,144
Assam,1,2008,Female,"Class X and above but below graduate",21,35,0,0,56
Assam,1,2008,Female,Graduate,2,3,0,0,5
Assam,1,2008,Female,"Holding technical degree/diploma etc",0,0,0,0,0
Assam,1,2008,Female,Illiterate,26,82,0,0,108
Assam,1,2008,Female,Post-Graduate,0,0,0,0,0
Assam,1,2008,Male,"Below Class X",1905,2406,4,0,4315
Assam,1,2008,Male,"Class X and above but below graduate",505,720,2,0,1227
Assam,1,2008,Male,Graduate,45,75,1,0,121
Assam,1,2008,Male,"Holding technical degree/diploma etc",6,8,0,0,14
Assam,1,2008,Male,Illiterate,930,1805,3,0,2738
Assam,1,2008,Male,Post-Graduate,5,9,0,0,14
Assam,1,2009,Female,"Below Class X",51,94,2,0,147
Assam,1,2009,Female,"Class X and above but below graduate",6,8,0,0,14
Assam,1,2009,Female,Graduate,1,10,0,0,11
Assam,1,2009,Female,"Holding technical degree/diploma etc",0,0,0,0,0
Assam,1,2009,Female,Illiterate,34,91,0,0,125
Assam,1,2009,Female,Post-Graduate,0,2,0,0,2
Assam,1,2009,Male,"Below Class X",1796,2137,4,0,3937
Assam,1,2009,Male,"Class X and above but below graduate",419,682,1,0,1102
Assam,1,2009,Male,Graduate,43,92,0,0,135
Assam,1,2009,Male,"Holding technical degree/diploma etc",10,16,0,0,26
Assam,1,2009,Male,Illiterate,964,1685,2,0,2651
Assam,1,2009,Male,Post-Graduate,3,7,0,0,10
Assam,1,2010,Female,"Below Class X",42,79,0,0,121
Assam,1,2010,Female,"Class X and above but below graduate",18,9,0,0,27
Assam,1,2010,Female,Graduate,1,0,0,0,1
Assam,1,2010,Female,"Holding technical degree/diploma etc",0,0,0,0,0
Assam,1,2010,Female,Illiterate,37,87,0,0,124
Assam,1,2010,Female,Post-Graduate,0,0,0,0,0
Assam,1,2010,Male,"Below Class X",1607,1947,2,0,3556
Assam,1,2010,Male,"Class X and above but below graduate",660,598,1,0,1259
Assam,1,2010,Male,Graduate,28,147,0,0,175
Assam,1,2010,Male,"Holding technical degree/diploma etc",7,3,0,0,10
Assam,1,2010,Male,Illiterate,858,1780,0,0,2638
Assam,1,2010,Male,Post-Graduate,6,5,0,0,11
Assam,1,2011,Female,"Below Class X",40,104,0,0,144
Assam,1,2011,Female,"Class X and above but below graduate",15,11,0,0,26
Assam,1,2011,Female,Graduate,1,0,0,0,1
Assam,1,2011,Female,"Holding technical degree/diploma etc",0,0,0,0,0
Assam,1,2011,Female,Illiterate,35,92,0,0,127
Assam,1,2011,Female,Post-Graduate,0,0,0,0,0
Assam,1,2011,Male,"Below Class X",1530,2075,0,0,3605
Assam,1,2011,Male,"Class X and above but below graduate",653,721,0,0,1374
Assam,1,2011,Male,Graduate,25,197,0,0,222
Assam,1,2011,Male,"Holding technical degree/diploma etc",6,8,0,0,14
Assam,1,2011,Male,Illiterate,827,1851,0,0,2678
Assam,1,2011,Male,Post-Graduate,5,7,0,0,12
Assam,1,2012,Female,"Below Class X",45,91,0,0,136
Assam,1,2012,Female,"Class X and above but below graduate",21,10,0,0,31
Assam,1,2012,Female,Graduate,2,0,0,0,2
Assam,1,2012,Female,"Holding technical degree/diploma etc",0,0,0,0,0
Assam,1,2012,Female,Illiterate,40,82,0,0,122
Assam,1,2012,Female,Post-Graduate,0,0,0,0,0
Assam,1,2012,Male,"Below Class X",1530,2100,1,0,3631
Assam,1,2012,Male,"Class X and above but below graduate",642,728,2,0,1372
Assam,1,2012,Male,Graduate,26,200,0,0,226
Assam,1,2012,Male,"Holding technical degree/diploma etc",7,9,0,0,16
Assam,1,2012,Male,Illiterate,849,1870,0,0,2719
Assam,1,2012,Male,Post-Graduate,8,8,0,0,16
Assam,1,2013,Female,Illiterate,36,87,0,0,123
Assam,1,2013,Female,"Below Class X",45,106,0,0,151
Assam,1,2013,Female,"Class X and above but below graduate",18,12,0,0,30
Assam,1,2013,Female,Graduate,2,0,0,0,2
Assam,1,2013,Female,Post-Graduate,0,0,0,0,0
Assam,1,2013,Female,"Holding technical degree/diploma etc",0,0,0,0,0
Assam,1,2013,Male,Illiterate,785,1825,0,0,2610
Assam,1,2013,Male,"Below Class X",1520,2160,2,0,3682
Assam,1,2013,Male,"Class X and above but below graduate",642,758,3,2,1405
Assam,1,2013,Male,Graduate,30,200,0,0,230
Assam,1,2013,Male,Post-Graduate,8,6,0,0,14
Assam,1,2013,Male,"Holding technical degree/diploma etc",7,9,0,0,16
Bihar,1,2001,Female,"Below Class X",19,228,0,0,247
Bihar,1,2001,Female,"Class X and above but below graduate",16,137,0,0,153
Bihar,1,2001,Female,Graduate,0,84,0,0,84
Bihar,1,2001,Female,"Holding technical degree/diploma etc",0,9,0,0,9
Bihar,1,2001,Female,Illiterate,43,310,0,0,353
Bihar,1,2001,Female,Post-Graduate,0,25,0,0,25
Bihar,1,2001,Male,"Below Class X",1122,6126,2,6,7256
Bihar,1,2001,Male,"Class X and above but below graduate",1001,5031,5,13,6050
Bihar,1,2001,Male,Graduate,705,1484,2,9,2200
Bihar,1,2001,Male,"Holding technical degree/diploma etc",21,104,0,0,125
Bihar,1,2001,Male,Illiterate,2074,16567,3,4,18648
Bihar,1,2001,Male,Post-Graduate,64,688,0,5,757
Bihar,1,2002,Female,"Below Class X",45,271,0,0,316
Bihar,1,2002,Female,"Class X and above but below graduate",7,22,0,0,29
Bihar,1,2002,Female,Graduate,0,3,0,0,3
Bihar,1,2002,Female,"Holding technical degree/diploma etc",0,2,0,0,2
Bihar,1,2002,Female,Illiterate,53,640,0,0,693
Bihar,1,2002,Female,Post-Graduate,0,4,0,0,4
Bihar,1,2002,Male,"Below Class X",2343,12711,12,50,15116
Bihar,1,2002,Male,"Class X and above but below graduate",713,4034,16,9,4772
Bihar,1,2002,Male,Graduate,194,1016,4,2,1216
Bihar,1,2002,Male,"Holding technical degree/diploma etc",11,90,0,0,101
Bihar,1,2002,Male,Illiterate,1675,13139,0,41,14855
Bihar,1,2002,Male,Post-Graduate,23,169,1,0,193
Bihar,1,2003,Female,"Below Class X",25,261,0,0,286
Bihar,1,2003,Female,"Class X and above but below graduate",4,27,0,0,31
Bihar,1,2003,Female,Graduate,0,0,0,0,0
Bihar,1,2003,Female,"Holding technical degree/diploma etc",9,2,0,0,11
Bihar,1,2003,Female,Illiterate,66,655,0,0,721
Bihar,1,2003,Female,Post-Graduate,0,0,0,0,0
Bihar,1,2003,Male,"Below Class X",2236,11473,17,52,13778
Bihar,1,2003,Male,"Class X and above but below graduate",628,4784,3,10,5425
Bihar,1,2003,Male,Graduate,173,1328,1,0,1502
Bihar,1,2003,Male,"Holding technical degree/diploma etc",14,55,0,0,69
Bihar,1,2003,Male,Illiterate,1887,13373,1,27,15288
Bihar,1,2003,Male,Post-Graduate,36,176,0,0,212
Bihar,1,2004,Female,"Below Class X",29,219,0,0,248
Bihar,1,2004,Female,"Class X and above but below graduate",2,40,0,0,42
Bihar,1,2004,Female,Graduate,1,11,0,0,12
Bihar,1,2004,Female,"Holding technical degree/diploma etc",0,0,0,0,0
Bihar,1,2004,Female,Illiterate,98,472,0,0,570
Bihar,1,2004,Female,Post-Graduate,0,1,0,0,1
Bihar,1,2004,Male,"Below Class X",2653,11001,33,44,13731
Bihar,1,2004,Male,"Class X and above but below graduate",646,4130,22,11,4809
Bihar,1,2004,Male,Graduate,162,1023,2,3,1190
Bihar,1,2004,Male,"Holding technical degree/diploma etc",13,53,0,0,66
Bihar,1,2004,Male,Illiterate,1880,10259,8,55,12202
Bihar,1,2004,Male,Post-Graduate,36,166,0,0,202
Bihar,1,2005,Female,"Below Class X",26,480,0,0,506
Bihar,1,2005,Female,"Class X and above but below graduate",0,0,0,0,0
Bihar,1,2005,Female,Graduate,0,0,0,0,0
Bihar,1,2005,Female,"Holding technical degree/diploma etc",0,0,0,0,0
Bihar,1,2005,Female,Illiterate,98,718,0,0,816
Bihar,1,2005,Female,Post-Graduate,0,0,0,0,0
Bihar,1,2005,Male,"Below Class X",3223,29720,0,182,33125
Bihar,1,2005,Male,"Class X and above but below graduate",2124,978,0,0,3102
Bihar,1,2005,Male,Graduate,0,922,0,0,922
Bihar,1,2005,Male,"Holding technical degree/diploma etc",0,0,0,0,0
Bihar,1,2005,Male,Illiterate,138,7201,0,8,7347
Bihar,1,2005,Male,Post-Graduate,0,0,0,0,0
Bihar,1,2006,Female,"Below Class X",56,445,0,0,501
Bihar,1,2006,Female,"Class X and above but below graduate",7,154,0,0,161
Bihar,1,2006,Female,Graduate,0,11,0,0,11
Bihar,1,2006,Female,"Holding technical degree/diploma etc",0,0,0,0,0
Bihar,1,2006,Female,Illiterate,86,659,0,0,745
Bihar,1,2006,Female,Post-Graduate,0,0,0,0,0
Bihar,1,2006,Male,"Below Class X",3585,14681,0,58,18324
Bihar,1,2006,Male,"Class X and above but below graduate",767,5711,0,35,6513
Bihar,1,2006,Male,Graduate,154,1447,0,8,1609
Bihar,1,2006,Male,"Holding technical degree/diploma etc",16,83,0,0,99
Bihar,1,2006,Male,Illiterate,2067,14050,0,40,16157
Bihar,1,2006,Male,Post-Graduate,27,134,0,0,161
Bihar,1,2007,Female,"Below Class X",57,441,0,0,498
Bihar,1,2007,Female,"Class X and above but below graduate",7,126,0,0,133
Bihar,1,2007,Female,Graduate,0,10,0,0,10
Bihar,1,2007,Female,"Holding technical degree/diploma etc",0,0,0,0,0
Bihar,1,2007,Female,Illiterate,72,579,0,0,651
Bihar,1,2007,Female,Post-Graduate,0,0,0,0,0
Bihar,1,2007,Male,"Below Class X",3399,15316,0,21,18736
Bihar,1,2007,Male,"Class X and above but below graduate",711,4957,15,4,5687
Bihar,1,2007,Male,Graduate,163,1298,7,2,1470
Bihar,1,2007,Male,"Holding technical degree/diploma etc",18,85,0,0,103
Bihar,1,2007,Male,Illiterate,1813,10381,0,5,12199
Bihar,1,2007,Male,Post-Graduate,26,123,2,0,151
Bihar,1,2008,Female,"Below Class X",50,427,0,0,477
Bihar,1,2008,Female,"Class X and above but below graduate",8,130,0,0,138
Bihar,1,2008,Female,Graduate,2,13,0,0,15
Bihar,1,2008,Female,"Holding technical degree/diploma etc",0,0,0,0,0
Bihar,1,2008,Female,Illiterate,71,526,0,0,597
Bihar,1,2008,Female,Post-Graduate,0,2,0,0,2
Bihar,1,2008,Male,"Below Class X",3294,15272,0,22,18588
Bihar,1,2008,Male,"Class X and above but below graduate",702,5077,17,5,5801
Bihar,1,2008,Male,Graduate,140,1201,4,5,1350
Bihar,1,2008,Male,"Holding technical degree/diploma etc",18,88,0,0,106
Bihar,1,2008,Male,Illiterate,1691,8791,0,7,10489
Bihar,1,2008,Male,Post-Graduate,23,120,3,0,146
Bihar,1,2009,Female,"Below Class X",37,351,0,1,389
Bihar,1,2009,Female,"Class X and above but below graduate",7,108,0,0,115
Bihar,1,2009,Female,Graduate,2,11,0,0,13
Bihar,1,2009,Female,"Holding technical degree/diploma etc",0,0,0,0,0
Bihar,1,2009,Female,Illiterate,62,444,0,0,506
Bihar,1,2009,Female,Post-Graduate,0,3,0,0,3
Bihar,1,2009,Male,"Below Class X",2814,13719,3,2,16538
Bihar,1,2009,Male,"Class X and above but below graduate",643,3952,3,3,4601
Bihar,1,2009,Male,Graduate,112,1024,3,0,1139
Bihar,1,2009,Male,"Holding technical degree/diploma etc",14,72,0,0,86
Bihar,1,2009,Male,Illiterate,1821,8360,0,1,10182
Bihar,1,2009,Male,Post-Graduate,19,119,1,0,139
Bihar,1,2010,Female,"Below Class X",53,310,0,0,363
Bihar,1,2010,Female,"Class X and above but below graduate",13,75,0,0,88
Bihar,1,2010,Female,Graduate,4,7,0,0,11
Bihar,1,2010,Female,"Holding technical degree/diploma etc",0,0,0,0,0
Bihar,1,2010,Female,Illiterate,49,380,0,0,429
Bihar,1,2010,Female,Post-Graduate,0,1,0,0,1
Bihar,1,2010,Male,"Below Class X",2966,11272,6,10,14254
Bihar,1,2010,Male,"Class X and above but below graduate",579,3197,18,5,3799
Bihar,1,2010,Male,Graduate,103,905,8,0,1016
Bihar,1,2010,Male,"Holding technical degree/diploma etc",12,56,0,0,68
Bihar,1,2010,Male,Illiterate,1488,8062,0,4,9554
Bihar,1,2010,Male,Post-Graduate,18,97,2,0,117
Bihar,1,2011,Female,"Below Class X",39,333,0,0,372
Bihar,1,2011,Female,"Class X and above but below graduate",3,52,0,0,55
Bihar,1,2011,Female,Graduate,1,9,0,0,10
Bihar,1,2011,Female,"Holding technical degree/diploma etc",0,0,0,0,0
Bihar,1,2011,Female,Illiterate,43,395,0,0,438
Bihar,1,2011,Female,Post-Graduate,0,6,0,0,6
Bihar,1,2011,Male,"Below Class X",2042,9327,2,6,11377
Bihar,1,2011,Male,"Class X and above but below graduate",907,4788,3,1,5699
Bihar,1,2011,Male,Graduate,225,1245,0,2,1472
Bihar,1,2011,Male,"Holding technical degree/diploma etc",12,61,0,0,73
Bihar,1,2011,Male,Illiterate,1281,7011,3,3,8298
Bihar,1,2011,Male,Post-Graduate,41,190,0,1,232
Bihar,1,2012,Female,"Below Class X",51,303,0,0,354
Bihar,1,2012,Female,"Class X and above but below graduate",3,53,0,0,56
Bihar,1,2012,Female,Graduate,1,3,0,0,4
Bihar,1,2012,Female,"Holding technical degree/diploma etc",0,0,0,0,0
Bihar,1,2012,Female,Illiterate,47,464,0,0,511
Bihar,1,2012,Female,Post-Graduate,0,3,0,0,3
Bihar,1,2012,Male,"Below Class X",1891,9584,20,6,11501
Bihar,1,2012,Male,"Class X and above but below graduate",787,4939,12,2,5740
Bihar,1,2012,Male,Graduate,170,1243,3,0,1416
Bihar,1,2012,Male,"Holding technical degree/diploma etc",10,84,0,0,94
Bihar,1,2012,Male,Illiterate,1122,7529,5,5,8661
Bihar,1,2012,Male,Post-Graduate,26,184,0,0,210
Bihar,1,2013,Female,Illiterate,59,473,0,4,536
Bihar,1,2013,Female,"Below Class X",58,417,0,0,475
Bihar,1,2013,Female,"Class X and above but below graduate",6,76,0,0,82
Bihar,1,2013,Female,Graduate,0,4,0,0,4
Bihar,1,2013,Female,Post-Graduate,0,3,0,0,3
Bihar,1,2013,Female,"Holding technical degree/diploma etc",0,0,0,0,0
Bihar,1,2013,Male,Illiterate,1051,8212,1,48,9312
Bihar,1,2013,Male,"Below Class X",2007,10314,16,84,12421
Bihar,1,2013,Male,"Class X and above but below graduate",1014,5647,9,6,6676
Bihar,1,2013,Male,Graduate,241,1185,0,2,1428
Bihar,1,2013,Male,Post-Graduate,30,189,0,0,219
Bihar,1,2013,Male,"Holding technical degree/diploma etc",14,89,0,0,103
Chandigarh,0,2001,Female,"Below Class X",1,5,0,0,6
Chandigarh,0,2001,Female,"Class X and above but below graduate",3,6,0,0,9
Chandigarh,0,2001,Female,Graduate,0,1,0,0,1
Chandigarh,0,2001,Female,"Holding technical degree/diploma etc",0,0,0,0,0
Chandigarh,0,2001,Female,Illiterate,2,6,0,0,8
Chandigarh,0,2001,Female,Post-Graduate,0,0,0,0,0
Chandigarh,0,2001,Male,"Below Class X",35,84,0,0,119
Chandigarh,0,2001,Male,"Class X and above but below graduate",39,116,0,0,155
Chandigarh,0,2001,Male,Graduate,4,37,0,0,41
Chandigarh,0,2001,Male,"Holding technical degree/diploma etc",0,0,0,0,0
Chandigarh,0,2001,Male,Illiterate,18,69,0,0,87
Chandigarh,0,2001,Male,Post-Graduate,0,0,0,0,0
Chandigarh,0,2002,Female,"Below Class X",1,3,0,0,4
Chandigarh,0,2002,Female,"Class X and above but below graduate",2,3,0,0,5
Chandigarh,0,2002,Female,Graduate,1,4,0,0,5
Chandigarh,0,2002,Female,"Holding technical degree/diploma etc",0,0,0,0,0
Chandigarh,0,2002,Female,Illiterate,3,6,0,0,9
Chandigarh,0,2002,Female,Post-Graduate,0,0,0,0,0
Chandigarh,0,2002,Male,"Below Class X",22,80,0,0,102
Chandigarh,0,2002,Male,"Class X and above but below graduate",34,102,0,0,136
Chandigarh,0,2002,Male,Graduate,18,65,0,0,83
Chandigarh,0,2002,Male,"Holding technical degree/diploma etc",0,0,0,0,0
Chandigarh,0,2002,Male,Illiterate,29,67,0,0,96
Chandigarh,0,2002,Male,Post-Graduate,1,15,0,0,16
Chandigarh,0,2003,Female,"Below Class X",3,5,0,0,8
Chandigarh,0,2003,Female,"Class X and above but below graduate",3,6,0,0,9
Chandigarh,0,2003,Female,Graduate,1,3,0,0,4
Chandigarh,0,2003,Female,"Holding technical degree/diploma etc",0,0,0,0,0
Chandigarh,0,2003,Female,Illiterate,2,3,0,0,5
Chandigarh,0,2003,Female,Post-Graduate,0,1,0,0,1
Chandigarh,0,2003,Male,"Below Class X",34,121,0,0,155
Chandigarh,0,2003,Male,"Class X and above but below graduate",42,110,0,0,152
Chandigarh,0,2003,Male,Graduate,12,36,0,0,48
Chandigarh,0,2003,Male,"Holding technical degree/diploma etc",4,6,0,0,10
Chandigarh,0,2003,Male,Illiterate,40,85,0,0,125
Chandigarh,0,2003,Male,Post-Graduate,3,5,0,0,8
Chandigarh,0,2004,Female,"Below Class X",2,8,0,0,10
Chandigarh,0,2004,Female,"Class X and above but below graduate",2,8,0,0,10
Chandigarh,0,2004,Female,Graduate,0,2,0,0,2
Chandigarh,0,2004,Female,"Holding technical degree/diploma etc",0,1,0,0,1
Chandigarh,0,2004,Female,Illiterate,3,4,0,0,7
Chandigarh,0,2004,Female,Post-Graduate,0,1,0,0,1
Chandigarh,0,2004,Male,"Below Class X",29,128,0,0,157
Chandigarh,0,2004,Male,"Class X and above but below graduate",39,142,0,0,181
Chandigarh,0,2004,Male,Graduate,6,12,0,0,18
Chandigarh,0,2004,Male,"Holding technical degree/diploma etc",2,3,0,0,5
Chandigarh,0,2004,Male,Illiterate,36,112,0,0,148
Chandigarh,0,2004,Male,Post-Graduate,1,8,0,0,9
Chandigarh,0,2005,Female,"Below Class X",2,4,0,0,6
Chandigarh,0,2005,Female,"Class X and above but below graduate",1,4,0,0,5
Chandigarh,0,2005,Female,Graduate,0,3,0,0,3
Chandigarh,0,2005,Female,"Holding technical degree/diploma etc",0,1,0,0,1
Chandigarh,0,2005,Female,Illiterate,3,8,0,0,11
Chandigarh,0,2005,Female,Post-Graduate,0,0,0,0,0
Chandigarh,0,2005,Male,"Below Class X",18,96,0,0,114
Chandigarh,0,2005,Male,"Class X and above but below graduate",14,88,0,0,102
Chandigarh,0,2005,Male,Graduate,9,32,0,0,41
Chandigarh,0,2005,Male,"Holding technical degree/diploma etc",1,8,0,0,9
Chandigarh,0,2005,Male,Illiterate,32,115,0,0,147
Chandigarh,0,2005,Male,Post-Graduate,4,12,0,0,16
Chandigarh,0,2006,Female,"Below Class X",1,5,0,0,6
Chandigarh,0,2006,Female,"Class X and above but below graduate",1,6,0,0,7
Chandigarh,0,2006,Female,Graduate,2,3,0,0,5
Chandigarh,0,2006,Female,"Holding technical degree/diploma etc",0,1,0,0,1
Chandigarh,0,2006,Female,Illiterate,3,4,0,0,7
Chandigarh,0,2006,Female,Post-Graduate,0,0,0,0,0
Chandigarh,0,2006,Male,"Below Class X",25,111,0,0,136
Chandigarh,0,2006,Male,"Class X and above but below graduate",22,74,0,0,96
Chandigarh,0,2006,Male,Graduate,12,24,0,0,36
Chandigarh,0,2006,Male,"Holding technical degree/diploma etc",0,3,0,0,3
Chandigarh,0,2006,Male,Illiterate,40,94,0,0,134
Chandigarh,0,2006,Male,Post-Graduate,1,6,0,0,7
Chandigarh,0,2007,Female,"Below Class X",1,3,0,0,4
Chandigarh,0,2007,Female,"Class X and above but below graduate",1,3,0,0,4
Chandigarh,0,2007,Female,Graduate,1,2,0,0,3
Chandigarh,0,2007,Female,"Holding technical degree/diploma etc",0,1,0,0,1
Chandigarh,0,2007,Female,Illiterate,2,4,0,0,6
Chandigarh,0,2007,Female,Post-Graduate,0,0,0,0,0
Chandigarh,0,2007,Male,"Below Class X",37,116,0,0,153
Chandigarh,0,2007,Male,"Class X and above but below graduate",38,102,0,0,140
Chandigarh,0,2007,Male,Graduate,14,11,0,0,25
Chandigarh,0,2007,Male,"Holding technical degree/diploma etc",3,4,0,0,7
Chandigarh,0,2007,Male,Illiterate,48,107,0,0,155
Chandigarh,0,2007,Male,Post-Graduate,1,2,0,0,3
Chandigarh,0,2008,Female,"Below Class X",0,2,0,0,2
Chandigarh,0,2008,Female,"Class X and above but below graduate",3,3,0,0,6
Chandigarh,0,2008,Female,Graduate,0,2,0,0,2
Chandigarh,0,2008,Female,"Holding technical degree/diploma etc",0,0,0,0,0
Chandigarh,0,2008,Female,Illiterate,2,3,0,0,5
Chandigarh,0,2008,Female,Post-Graduate,0,2,0,0,2
Chandigarh,0,2008,Male,"Below Class X",48,96,0,0,144
Chandigarh,0,2008,Male,"Class X and above but below graduate",92,130,0,0,222
Chandigarh,0,2008,Male,Graduate,9,20,0,0,29
Chandigarh,0,2008,Male,"Holding technical degree/diploma etc",1,6,0,0,7
Chandigarh,0,2008,Male,Illiterate,32,64,0,0,96
Chandigarh,0,2008,Male,Post-Graduate,1,10,0,0,11
Chandigarh,0,2009,Female,"Below Class X",2,7,0,0,9
Chandigarh,0,2009,Female,"Class X and above but below graduate",3,6,0,0,9
Chandigarh,0,2009,Female,Graduate,0,2,0,0,2
Chandigarh,0,2009,Female,"Holding technical degree/diploma etc",2,0,0,0,2
Chandigarh,0,2009,Female,Illiterate,2,5,0,0,7
Chandigarh,0,2009,Female,Post-Graduate,0,0,0,0,0
Chandigarh,0,2009,Male,"Below Class X",64,106,0,0,170
Chandigarh,0,2009,Male,"Class X and above but below graduate",98,140,0,0,238
Chandigarh,0,2009,Male,Graduate,12,18,0,0,30
Chandigarh,0,2009,Male,"Holding technical degree/diploma etc",5,10,0,0,15
Chandigarh,0,2009,Male,Illiterate,52,92,0,0,144
Chandigarh,0,2009,Male,Post-Graduate,4,13,0,0,17
Chandigarh,0,2010,Female,"Below Class X",1,5,0,0,6
Chandigarh,0,2010,Female,"Class X and above but below graduate",4,7,0,0,11
Chandigarh,0,2010,Female,Graduate,1,3,0,0,4
Chandigarh,0,2010,Female,"Holding technical degree/diploma etc",1,0,0,0,1
Chandigarh,0,2010,Female,Illiterate,3,4,0,0,7
Chandigarh,0,2010,Female,Post-Graduate,0,0,0,0,0
Chandigarh,0,2010,Male,"Below Class X",57,105,0,0,162
Chandigarh,0,2010,Male,"Class X and above but below graduate",92,155,0,0,247
Chandigarh,0,2010,Male,Graduate,10,28,0,0,38
Chandigarh,0,2010,Male,"Holding technical degree/diploma etc",4,4,0,0,8
Chandigarh,0,2010,Male,Illiterate,46,87,0,0,133
Chandigarh,0,2010,Male,Post-Graduate,2,21,0,0,23
Chandigarh,0,2011,Female,"Below Class X",1,7,0,0,8
Chandigarh,0,2011,Female,"Class X and above but below graduate",2,3,0,0,5
Chandigarh,0,2011,Female,Graduate,1,2,0,0,3
Chandigarh,0,2011,Female,"Holding technical degree/diploma etc",0,1,0,0,1
Chandigarh,0,2011,Female,Illiterate,2,3,0,0,5
Chandigarh,0,2011,Female,Post-Graduate,0,0,0,0,0
Chandigarh,0,2011,Male,"Below Class X",84,109,0,0,193
Chandigarh,0,2011,Male,"Class X and above but below graduate",96,145,0,0,241
Chandigarh,0,2011,Male,Graduate,7,17,0,0,24
Chandigarh,0,2011,Male,"Holding technical degree/diploma etc",3,9,0,0,12
Chandigarh,0,2011,Male,Illiterate,43,76,0,0,119
Chandigarh,0,2011,Male,Post-Graduate,3,12,0,0,15
Chandigarh,0,2012,Female,"Below Class X",4,8,0,0,12
Chandigarh,0,2012,Female,"Class X and above but below graduate",2,11,0,0,13
Chandigarh,0,2012,Female,Graduate,1,2,0,0,3
Chandigarh,0,2012,Female,"Holding technical degree/diploma etc",1,0,0,0,1
Chandigarh,0,2012,Female,Illiterate,6,4,0,0,10
Chandigarh,0,2012,Female,Post-Graduate,1,1,0,0,2
Chandigarh,0,2012,Male,"Below Class X",65,156,0,0,221
Chandigarh,0,2012,Male,"Class X and above but below graduate",96,127,0,0,223
Chandigarh,0,2012,Male,Graduate,10,37,0,0,47
Chandigarh,0,2012,Male,"Holding technical degree/diploma etc",0,5,0,0,5
Chandigarh,0,2012,Male,Illiterate,74,112,0,0,186
Chandigarh,0,2012,Male,Post-Graduate,1,10,0,0,11
Chandigarh,0,2013,Female,Illiterate,4,3,0,0,7
Chandigarh,0,2013,Female,"Below Class X",3,2,0,0,5
Chandigarh,0,2013,Female,"Class X and above but below graduate",3,4,0,0,7
Chandigarh,0,2013,Female,Graduate,2,3,0,0,5
Chandigarh,0,2013,Female,Post-Graduate,0,0,0,0,0
Chandigarh,0,2013,Female,"Holding technical degree/diploma etc",0,0,0,0,0
Chandigarh,0,2013,Male,Illiterate,39,96,0,0,135
Chandigarh,0,2013,Male,"Below Class X",87,125,0,0,212
Chandigarh,0,2013,Male,"Class X and above but below graduate",113,119,0,0,232
Chandigarh,0,2013,Male,Graduate,15,31,0,0,46
Chandigarh,0,2013,Male,Post-Graduate,4,5,0,0,9
Chandigarh,0,2013,Male,"Holding technical degree/diploma etc",0,3,0,0,3
Chhatisgarh,1,2013,Female,Illiterate,127,262,0,0,389
Chhatisgarh,1,2013,Female,"Below Class X",122,172,0,0,294
Chhatisgarh,1,2013,Female,"Class X and above but below graduate",38,44,0,0,82
Chhatisgarh,1,2013,Female,Graduate,12,17,0,0,29
Chhatisgarh,1,2013,Female,Post-Graduate,6,16,0,0,22
Chhatisgarh,1,2013,Female,"Holding technical degree/diploma etc",0,5,0,0,5
Chhatisgarh,1,2013,Male,Illiterate,2263,3197,1,6,5467
Chhatisgarh,1,2013,Male,"Below Class X",2860,3767,0,6,6633
Chhatisgarh,1,2013,Male,"Class X and above but below graduate",831,1285,0,0,2116
Chhatisgarh,1,2013,Male,Graduate,187,315,0,0,502
Chhatisgarh,1,2013,Male,Post-Graduate,97,125,0,0,222
Chhatisgarh,1,2013,Male,"Holding technical degree/diploma etc",43,36,0,0,79
Chhattisgarh,1,2001,Female,"Below Class X",70,66,0,0,136
Chhattisgarh,1,2001,Female,"Class X and above but below graduate",11,9,0,0,20
Chhattisgarh,1,2001,Female,Graduate,1,0,0,0,1
Chhattisgarh,1,2001,Female,"Holding technical degree/diploma etc",0,0,0,0,0
Chhattisgarh,1,2001,Female,Illiterate,103,129,0,1,233
Chhattisgarh,1,2001,Female,Post-Graduate,0,0,0,0,0
Chhattisgarh,1,2001,Male,"Below Class X",2112,2165,3,5,4285
Chhattisgarh,1,2001,Male,"Class X and above but below graduate",580,636,1,0,1217
Chhattisgarh,1,2001,Male,Graduate,163,125,0,0,288
Chhattisgarh,1,2001,Male,"Holding technical degree/diploma etc",10,13,0,0,23
Chhattisgarh,1,2001,Male,Illiterate,1642,1704,0,3,3349
Chhattisgarh,1,2001,Male,Post-Graduate,41,74,0,0,115
Chhattisgarh,1,2002,Female,"Below Class X",79,73,0,0,152
Chhattisgarh,1,2002,Female,"Class X and above but below graduate",17,18,0,0,35
Chhattisgarh,1,2002,Female,Graduate,2,2,0,0,4
Chhattisgarh,1,2002,Female,"Holding technical degree/diploma etc",0,0,0,0,0
Chhattisgarh,1,2002,Female,Illiterate,103,132,0,0,235
Chhattisgarh,1,2002,Female,Post-Graduate,1,0,0,0,1
Chhattisgarh,1,2002,Male,"Below Class X",2621,1985,1,4,4611
Chhattisgarh,1,2002,Male,"Class X and above but below graduate",639,837,0,0,1476
Chhattisgarh,1,2002,Male,Graduate,107,176,0,0,283
Chhattisgarh,1,2002,Male,"Holding technical degree/diploma etc",11,5,0,0,16
Chhattisgarh,1,2002,Male,Illiterate,1413,1632,0,4,3049
Chhattisgarh,1,2002,Male,Post-Graduate,43,101,0,0,144
Chhattisgarh,1,2003,Female,"Below Class X",88,34,0,0,122
Chhattisgarh,1,2003,Female,"Class X and above but below graduate",17,11,0,0,28
Chhattisgarh,1,2003,Female,Graduate,2,1,0,0,3
Chhattisgarh,1,2003,Female,"Holding technical degree/diploma etc",0,0,0,0,0
Chhattisgarh,1,2003,Female,Illiterate,91,113,0,0,204
Chhattisgarh,1,2003,Female,Post-Graduate,1,1,0,0,2
Chhattisgarh,1,2003,Male,"Below Class X",2433,1661,2,5,4101
Chhattisgarh,1,2003,Male,"Class X and above but below graduate",540,519,0,2,1061
Chhattisgarh,1,2003,Male,Graduate,48,77,0,0,125
Chhattisgarh,1,2003,Male,"Holding technical degree/diploma etc",2,27,0,0,29
Chhattisgarh,1,2003,Male,Illiterate,1480,1659,1,3,3143
Chhattisgarh,1,2003,Male,Post-Graduate,18,25,0,0,43
Chhattisgarh,1,2004,Female,"Below Class X",73,50,0,0,123
Chhattisgarh,1,2004,Female,"Class X and above but below graduate",20,11,0,0,31
Chhattisgarh,1,2004,Female,Graduate,5,2,0,0,7
Chhattisgarh,1,2004,Female,"Holding technical degree/diploma etc",0,0,0,0,0
Chhattisgarh,1,2004,Female,Illiterate,107,131,0,0,238
Chhattisgarh,1,2004,Female,Post-Graduate,0,0,0,0,0
Chhattisgarh,1,2004,Male,"Below Class X",1456,1747,0,5,3208
Chhattisgarh,1,2004,Male,"Class X and above but below graduate",874,444,0,1,1319
Chhattisgarh,1,2004,Male,Graduate,77,142,0,0,219
Chhattisgarh,1,2004,Male,"Holding technical degree/diploma etc",21,19,0,0,40
Chhattisgarh,1,2004,Male,Illiterate,1841,1743,0,5,3589
Chhattisgarh,1,2004,Male,Post-Graduate,51,48,0,0,99
Chhattisgarh,1,2005,Female,"Below Class X",46,52,0,0,98
Chhattisgarh,1,2005,Female,"Class X and above but below graduate",26,26,0,0,52
Chhattisgarh,1,2005,Female,Graduate,3,2,0,0,5
Chhattisgarh,1,2005,Female,"Holding technical degree/diploma etc",0,0,0,0,0
Chhattisgarh,1,2005,Female,Illiterate,114,152,0,0,266
Chhattisgarh,1,2005,Female,Post-Graduate,2,0,0,0,2
Chhattisgarh,1,2005,Male,"Below Class X",1553,2260,1,9,3823
Chhattisgarh,1,2005,Male,"Class X and above but below graduate",626,551,1,2,1180
Chhattisgarh,1,2005,Male,Graduate,299,189,0,0,488
Chhattisgarh,1,2005,Male,"Holding technical degree/diploma etc",23,14,0,0,37
Chhattisgarh,1,2005,Male,Illiterate,1485,2219,0,0,3704
Chhattisgarh,1,2005,Male,Post-Graduate,122,44,0,0,166
Chhattisgarh,1,2006,Female,"Below Class X",47,71,0,0,118
Chhattisgarh,1,2006,Female,"Class X and above but below graduate",30,29,0,0,59
Chhattisgarh,1,2006,Female,Graduate,3,8,0,0,11
Chhattisgarh,1,2006,Female,"Holding technical degree/diploma etc",0,0,0,0,0
Chhattisgarh,1,2006,Female,Illiterate,104,176,0,0,280
Chhattisgarh,1,2006,Female,Post-Graduate,3,0,0,0,3
Chhattisgarh,1,2006,Male,"Below Class X",1571,2437,0,4,4012
Chhattisgarh,1,2006,Male,"Class X and above but below graduate",617,698,0,5,1320
Chhattisgarh,1,2006,Male,Graduate,312,230,0,0,542
Chhattisgarh,1,2006,Male,"Holding technical degree/diploma etc",26,31,0,0,57
Chhattisgarh,1,2006,Male,Illiterate,1435,2288,1,2,3726
Chhattisgarh,1,2006,Male,Post-Graduate,126,105,0,0,231
Chhattisgarh,1,2007,Female,"Below Class X",53,75,0,0,128
Chhattisgarh,1,2007,Female,"Class X and above but below graduate",35,20,0,0,55
Chhattisgarh,1,2007,Female,Graduate,2,2,0,0,4
Chhattisgarh,1,2007,Female,"Holding technical degree/diploma etc",0,0,0,0,0
Chhattisgarh,1,2007,Female,Illiterate,116,156,0,0,272
Chhattisgarh,1,2007,Female,Post-Graduate,2,0,0,0,2
Chhattisgarh,1,2007,Male,"Below Class X",1729,2323,0,12,4064
Chhattisgarh,1,2007,Male,"Class X and above but below graduate",685,847,0,2,1534
Chhattisgarh,1,2007,Male,Graduate,321,217,0,1,539
Chhattisgarh,1,2007,Male,"Holding technical degree/diploma etc",23,32,0,0,55
Chhattisgarh,1,2007,Male,Illiterate,1413,2126,0,12,3551
Chhattisgarh,1,2007,Male,Post-Graduate,146,101,0,0,247
Chhattisgarh,1,2008,Female,"Below Class X",49,85,0,0,134
Chhattisgarh,1,2008,Female,"Class X and above but below graduate",31,31,0,0,62
Chhattisgarh,1,2008,Female,Graduate,2,3,0,0,5
Chhattisgarh,1,2008,Female,"Holding technical degree/diploma etc",0,0,0,0,0
Chhattisgarh,1,2008,Female,Illiterate,111,181,0,0,292
Chhattisgarh,1,2008,Female,Post-Graduate,1,2,0,0,3
Chhattisgarh,1,2008,Male,"Below Class X",1656,2457,0,5,4118
Chhattisgarh,1,2008,Male,"Class X and above but below graduate",745,956,0,1,1702
Chhattisgarh,1,2008,Male,Graduate,328,208,0,0,536
Chhattisgarh,1,2008,Male,"Holding technical degree/diploma etc",33,29,0,0,62
Chhattisgarh,1,2008,Male,Illiterate,1664,2398,0,0,4062
Chhattisgarh,1,2008,Male,Post-Graduate,147,107,0,0,254
Chhattisgarh,1,2009,Female,"Below Class X",63,126,0,0,189
Chhattisgarh,1,2009,Female,"Class X and above but below graduate",20,36,0,0,56
Chhattisgarh,1,2009,Female,Graduate,0,6,0,0,6
Chhattisgarh,1,2009,Female,"Holding technical degree/diploma etc",0,1,0,0,1
Chhattisgarh,1,2009,Female,Illiterate,133,179,0,0,312
Chhattisgarh,1,2009,Female,Post-Graduate,1,11,0,0,12
Chhattisgarh,1,2009,Male,"Below Class X",2348,3001,0,3,5352
Chhattisgarh,1,2009,Male,"Class X and above but below graduate",603,960,0,0,1563
Chhattisgarh,1,2009,Male,Graduate,127,194,0,0,321
Chhattisgarh,1,2009,Male,"Holding technical degree/diploma etc",20,35,0,0,55
Chhattisgarh,1,2009,Male,Illiterate,1466,2650,0,13,4129
Chhattisgarh,1,2009,Male,Post-Graduate,76,70,0,0,146
Chhattisgarh,1,2010,Female,"Below Class X",99,120,0,0,219
Chhattisgarh,1,2010,Female,"Class X and above but below graduate",24,29,0,0,53
Chhattisgarh,1,2010,Female,Graduate,1,3,0,0,4
Chhattisgarh,1,2010,Female,"Holding technical degree/diploma etc",0,3,0,0,3
Chhattisgarh,1,2010,Female,Illiterate,85,210,0,0,295
Chhattisgarh,1,2010,Female,Post-Graduate,0,10,0,0,10
Chhattisgarh,1,2010,Male,"Below Class X",2448,3601,1,12,6062
Chhattisgarh,1,2010,Male,"Class X and above but below graduate",761,1023,0,0,1784
Chhattisgarh,1,2010,Male,Graduate,159,245,0,0,404
Chhattisgarh,1,2010,Male,"Holding technical degree/diploma etc",28,30,0,0,58
Chhattisgarh,1,2010,Male,Illiterate,1511,2329,0,7,3847
Chhattisgarh,1,2010,Male,Post-Graduate,80,96,0,0,176
Chhattisgarh,1,2011,Female,"Below Class X",112,134,0,0,246
Chhattisgarh,1,2011,Female,"Class X and above but below graduate",10,33,0,0,43
Chhattisgarh,1,2011,Female,Graduate,0,8,0,0,8
Chhattisgarh,1,2011,Female,"Holding technical degree/diploma etc",0,1,0,0,1
Chhattisgarh,1,2011,Female,Illiterate,119,203,0,0,322
Chhattisgarh,1,2011,Female,Post-Graduate,1,13,0,0,14
Chhattisgarh,1,2011,Male,"Below Class X",2781,3564,0,7,6352
Chhattisgarh,1,2011,Male,"Class X and above but below graduate",794,1120,0,1,1915
Chhattisgarh,1,2011,Male,Graduate,158,323,0,0,481
Chhattisgarh,1,2011,Male,"Holding technical degree/diploma etc",30,100,0,0,130
Chhattisgarh,1,2011,Male,Illiterate,1529,2631,0,5,4165
Chhattisgarh,1,2011,Male,Post-Graduate,96,145,0,0,241
Chhattisgarh,1,2012,Female,"Below Class X",114,156,0,0,270
Chhattisgarh,1,2012,Female,"Class X and above but below graduate",9,19,0,0,28
Chhattisgarh,1,2012,Female,Graduate,3,13,0,0,16
Chhattisgarh,1,2012,Female,"Holding technical degree/diploma etc",0,1,0,0,1
Chhattisgarh,1,2012,Female,Illiterate,116,253,0,0,369
Chhattisgarh,1,2012,Female,Post-Graduate,2,13,0,0,15
Chhattisgarh,1,2012,Male,"Below Class X",2627,3780,0,9,6416
Chhattisgarh,1,2012,Male,"Class X and above but below graduate",708,1108,0,1,1817
Chhattisgarh,1,2012,Male,Graduate,127,337,0,0,464
Chhattisgarh,1,2012,Male,"Holding technical degree/diploma etc",34,24,0,0,58
Chhattisgarh,1,2012,Male,Illiterate,2158,2955,0,7,5120
Chhattisgarh,1,2012,Male,Post-Graduate,66,140,0,0,206
"D & N Haveli",0,2001,Female,"Below Class X",0,2,0,0,2
"D & N Haveli",0,2001,Female,"Class X and above but below graduate",0,0,0,0,0
"D & N Haveli",0,2001,Female,Graduate,0,0,0,0,0
"D & N Haveli",0,2001,Female,"Holding technical degree/diploma etc",0,0,0,0,0
