state_name,year,detail,male,female,total
Andhra Pradesh,2001,Escapees from Inside Prison,13,0,13
Andhra Pradesh,2001,Escapees from Outside Prison,3,0,3
Andhra Pradesh,2001,Escapees from Police Custody,20,0,20
Andhra Pradesh,2001,Re-arrested escapees,20,0,20
Andhra Pradesh,2002,Escapees from Inside Prison,6,0,6
Andhra Pradesh,2002,Escapees from Outside Prison,4,0,4
Andhra Pradesh,2002,Escapees from Police Custody,32,1,33
Andhra Pradesh,2002,Re-arrested escapees,19,1,20
Andhra Pradesh,2003,Escapees from Inside Prison,10,0,10
Andhra Pradesh,2003,Escapees from Outside Prison,5,0,5
Andhra Pradesh,2003,Escapees from Police Custody,26,1,27
Andhra Pradesh,2003,Re-arrested escapees,28,0,28
Andhra Pradesh,2004,Escapees from Inside Prison,9,0,9
Andhra Pradesh,2004,Escapees from Outside Prison,3,0,3
Andhra Pradesh,2004,Escapees from Police Custody,28,3,31
Andhra Pradesh,2004,Re-arrested escapees,21,2,23
Andhra Pradesh,2005,Escapees from Inside Prison,8,0,8
Andhra Pradesh,2005,Escapees from Outside Prison,2,0,2
Andhra Pradesh,2005,Escapees from Police Custody,34,1,35
Andhra Pradesh,2005,Re-arrested escapees,26,1,27
Andhra Pradesh,2006,Escapees from Inside Prison,12,0,12
Andhra Pradesh,2006,Escapees from Outside Prison,0,0,0
Andhra Pradesh,2006,Escapees from Police Custody,59,0,59
Andhra Pradesh,2006,Re-arrested escapees,29,0,29
Andhra Pradesh,2007,Escapees from Inside Prison,16,0,16
Andhra Pradesh,2007,Escapees from Outside Prison,0,0,0
Andhra Pradesh,2007,Escapees from Police Custody,51,0,51
Andhra Pradesh,2007,Re-arrested escapees,18,0,18
Andhra Pradesh,2008,Escapees from Inside Prison,11,0,11
Andhra Pradesh,2008,Escapees from Outside Prison,0,0,0
Andhra Pradesh,2008,Escapees from Police Custody,52,0,52
Andhra Pradesh,2008,Re-arrested escapees,16,0,16
Andhra Pradesh,2009,Escapees from Inside Prison,12,0,12
Andhra Pradesh,2009,Escapees from Outside Prison,1,0,1
Andhra Pradesh,2009,Escapees from Police Custody,41,1,42
Andhra Pradesh,2009,Re-arrested escapees,20,1,21
Andhra Pradesh,2010,Escapees from Inside Prison,10,0,10
Andhra Pradesh,2010,Escapees from Outside Prison,9,0,9
Andhra Pradesh,2010,Escapees from Police Custody,36,0,36
Andhra Pradesh,2010,Re-arrested escapees,29,0,29
Andhra Pradesh,2011,Escapees from Inside Prison,7,0,7
Andhra Pradesh,2011,Escapees from Outside Prison,4,0,4
Andhra Pradesh,2011,Escapees from Police Custody,31,0,31
Andhra Pradesh,2011,Re-arrested escapees,22,0,22
Andhra Pradesh,2012,Escapees from Inside Prison,1,0,1
Andhra Pradesh,2012,Escapees from Outside Prison,11,0,11
Andhra Pradesh,2012,Escapees from Police Custody,28,0,28
Andhra Pradesh,2012,Re-arrested escapees,9,0,9
Arunachal Pradesh,2009,Escapees from Inside Prison,0,0,0
Arunachal Pradesh,2009,Escapees from Outside Prison,0,0,0
Arunachal Pradesh,2009,Escapees from Police Custody,0,0,0
Arunachal Pradesh,2009,Re-arrested escapees,0,0,0
Arunachal Pradesh,2010,Escapees from Inside Prison,0,0,0
Arunachal Pradesh,2010,Escapees from Outside Prison,0,0,0
Arunachal Pradesh,2010,Escapees from Police Custody,0,0,0
Arunachal Pradesh,2010,Re-arrested escapees,0,0,0
Arunachal Pradesh,2011,Escapees from Inside Prison,0,0,0
Arunachal Pradesh,2011,Escapees from Outside Prison,0,0,0
Arunachal Pradesh,2011,Escapees from Police Custody,0,0,0
Arunachal Pradesh,2011,Re-arrested escapees,0,0,0
Arunachal Pradesh,2012,Escapees from Inside Prison,3,0,3
Arunachal Pradesh,2012,Escapees from Outside Prison,0,0,0
Arunachal Pradesh,2012,Escapees from Police Custody,0,0,0
Arunachal Pradesh,2012,Re-arrested escapees,0,0,0
Assam,2001,Escapees from Inside Prison,2,0,2
Assam,2001,Escapees from Outside Prison,3,0,3
Assam,2001,Escapees from Police Custody,5,0,5
Assam,2001,Re-arrested escapees,0,0,0
Assam,2002,Escapees from Inside Prison,6,0,6
Assam,2002,Escapees from Outside Prison,3,0,3
Assam,2002,Escapees from Police Custody,6,0,6
Assam,2002,Re-arrested escapees,0,0,0
Assam,2003,Escapees from Inside Prison,4,0,4
Assam,2003,Escapees from Outside Prison,6,0,6
Assam,2003,Escapees from Police Custody,2,0,2
Assam,2003,Re-arrested escapees,0,0,0
Assam,2004,Escapees from Inside Prison,2,0,2
Assam,2004,Escapees from Outside Prison,2,0,2
Assam,2004,Escapees from Police Custody,5,0,5
Assam,2004,Re-arrested escapees,7,0,7
Assam,2005,Escapees from Inside Prison,15,0,15
Assam,2005,Escapees from Outside Prison,6,0,6
Assam,2005,Escapees from Police Custody,14,0,14
Assam,2005,Re-arrested escapees,0,0,0
Assam,2006,Escapees from Inside Prison,6,0,6
Assam,2006,Escapees from Outside Prison,0,3,3
Assam,2006,Escapees from Police Custody,4,0,4
Assam,2006,Re-arrested escapees,0,0,0
Assam,2007,Escapees from Inside Prison,7,0,7
Assam,2007,Escapees from Outside Prison,5,0,5
Assam,2007,Escapees from Police Custody,5,0,5
Assam,2007,Re-arrested escapees,0,0,0
Assam,2008,Escapees from Inside Prison,3,0,3
Assam,2008,Escapees from Outside Prison,2,0,2
Assam,2008,Escapees from Police Custody,5,0,5
Assam,2008,Re-arrested escapees,0,0,0
Assam,2009,Escapees from Inside Prison,3,0,3
Assam,2009,Escapees from Outside Prison,2,0,2
Assam,2009,Escapees from Police Custody,3,1,4
Assam,2009,Re-arrested escapees,2,0,2
Assam,2010,Escapees from Inside Prison,3,0,3
Assam,2010,Escapees from Outside Prison,5,0,5
Assam,2010,Escapees from Police Custody,4,1,5
Assam,2010,Re-arrested escapees,2,0,2
Assam,2011,Escapees from Inside Prison,5,0,5
Assam,2011,Escapees from Outside Prison,6,0,6
Assam,2011,Escapees from Police Custody,4,1,5
Assam,2011,Re-arrested escapees,5,0,5
Assam,2012,Escapees from Inside Prison,6,0,6
Assam,2012,Escapees from Outside Prison,5,0,5
Assam,2012,Escapees from Police Custody,3,1,4
Assam,2012,Re-arrested escapees,3,0,3
Bihar,2001,Escapees from Inside Prison,28,1,29
Bihar,2001,Escapees from Outside Prison,0,0,0
Bihar,2001,Escapees from Police Custody,1,0,1
Bihar,2001,Re-arrested escapees,0,0,0
Bihar,2002,Escapees from Inside Prison,39,0,39
Bihar,2002,Escapees from Outside Prison,34,0,34
Bihar,2002,Escapees from Police Custody,27,0,27
Bihar,2002,Re-arrested escapees,0,0,0
Bihar,2003,Escapees from Inside Prison,0,0,0
Bihar,2003,Escapees from Outside Prison,0,0,0
Bihar,2003,Escapees from Police Custody,1,0,1
Bihar,2003,Re-arrested escapees,0,0,0
Bihar,2004,Escapees from Inside Prison,43,0,43
Bihar,2004,Escapees from Outside Prison,1,0,1
Bihar,2004,Escapees from Police Custody,58,1,59
Bihar,2004,Re-arrested escapees,0,0,0
Bihar,2005,Escapees from Inside Prison,22,0,22
Bihar,2005,Escapees from Outside Prison,0,0,0
Bihar,2005,Escapees from Police Custody,69,0,69
Bihar,2005,Re-arrested escapees,7,0,7
Bihar,2006,Escapees from Inside Prison,19,0,19
Bihar,2006,Escapees from Outside Prison,0,0,0
Bihar,2006,Escapees from Police Custody,22,0,22
Bihar,2006,Re-arrested escapees,6,0,6
Bihar,2007,Escapees from Inside Prison,4,0,4
Bihar,2007,Escapees from Outside Prison,0,0,0
Bihar,2007,Escapees from Police Custody,36,0,36
Bihar,2007,Re-arrested escapees,2,0,2
Bihar,2008,Escapees from Inside Prison,24,0,24
Bihar,2008,Escapees from Outside Prison,0,0,0
Bihar,2008,Escapees from Police Custody,36,0,36
Bihar,2008,Re-arrested escapees,0,0,0
Bihar,2009,Escapees from Inside Prison,15,0,15
Bihar,2009,Escapees from Outside Prison,1,0,1
Bihar,2009,Escapees from Police Custody,40,0,40
Bihar,2009,Re-arrested escapees,1,0,1
Bihar,2010,Escapees from Inside Prison,0,0,0
Bihar,2010,Escapees from Outside Prison,2,0,2
Bihar,2010,Escapees from Police Custody,21,0,21
Bihar,2010,Re-arrested escapees,0,0,0
Bihar,2011,Escapees from Inside Prison,8,0,8
Bihar,2011,Escapees from Outside Prison,7,1,8
Bihar,2011,Escapees from Police Custody,4,1,5
Bihar,2011,Re-arrested escapees,4,0,4
Bihar,2012,Escapees from Inside Prison,0,0,0
Bihar,2012,Escapees from Outside Prison,9,4,13
Bihar,2012,Escapees from Police Custody,4,3,7
Bihar,2012,Re-arrested escapees,3,0,3
Chhattisgarh,2012,Escapees from Inside Prison,6,0,6
Chhattisgarh,2012,Escapees from Outside Prison,1,0,1
Chhattisgarh,2012,Escapees from Police Custody,20,0,20
Chhattisgarh,2012,Re-arrested escapees,16,0,16
Chhattisgarh,2001,Escapees from Inside Prison,0,0,0
Chhattisgarh,2001,Escapees from Outside Prison,6,0,6
Chhattisgarh,2001,Escapees from Police Custody,3,0,3
Chhattisgarh,2001,Re-arrested escapees,0,0,0
Chhattisgarh,2002,Escapees from Inside Prison,3,0,3
Chhattisgarh,2002,Escapees from Outside Prison,3,0,3
Chhattisgarh,2002,Escapees from Police Custody,25,0,25
Chhattisgarh,2002,Re-arrested escapees,1,0,1
Chhattisgarh,2003,Escapees from Inside Prison,0,0,0
Chhattisgarh,2003,Escapees from Outside Prison,1,0,1
Chhattisgarh,2003,Escapees from Police Custody,13,0,13
Chhattisgarh,2003,Re-arrested escapees,4,0,4
Chhattisgarh,2004,Escapees from Inside Prison,4,0,4
Chhattisgarh,2004,Escapees from Outside Prison,3,0,3
Chhattisgarh,2004,Escapees from Police Custody,8,0,8
Chhattisgarh,2004,Re-arrested escapees,0,0,0
Chhattisgarh,2005,Escapees from Inside Prison,0,0,0
Chhattisgarh,2005,Escapees from Outside Prison,5,0,5
Chhattisgarh,2005,Escapees from Police Custody,22,0,22
Chhattisgarh,2005,Re-arrested escapees,8,0,8
Chhattisgarh,2006,Escapees from Inside Prison,2,0,2
Chhattisgarh,2006,Escapees from Outside Prison,9,0,9
Chhattisgarh,2006,Escapees from Police Custody,9,0,9
Chhattisgarh,2006,Re-arrested escapees,0,0,0
Chhattisgarh,2007,Escapees from Inside Prison,319,0,319
Chhattisgarh,2007,Escapees from Outside Prison,11,0,11
Chhattisgarh,2007,Escapees from Police Custody,18,0,18
Chhattisgarh,2007,Re-arrested escapees,0,0,0
Chhattisgarh,2008,Escapees from Inside Prison,1,1,2
Chhattisgarh,2008,Escapees from Outside Prison,5,2,7
Chhattisgarh,2008,Escapees from Police Custody,9,0,9
Chhattisgarh,2008,Re-arrested escapees,3,1,4
Chhattisgarh,2009,Escapees from Inside Prison,0,0,0
Chhattisgarh,2009,Escapees from Outside Prison,7,1,8
Chhattisgarh,2009,Escapees from Police Custody,17,0,17
Chhattisgarh,2009,Re-arrested escapees,9,0,9
Chhattisgarh,2010,Escapees from Inside Prison,2,0,2
Chhattisgarh,2010,Escapees from Outside Prison,1,0,1
Chhattisgarh,2010,Escapees from Police Custody,14,0,14
Chhattisgarh,2010,Re-arrested escapees,5,0,5
Chhattisgarh,2011,Escapees from Inside Prison,2,0,2
Chhattisgarh,2011,Escapees from Outside Prison,3,0,3
Chhattisgarh,2011,Escapees from Police Custody,8,0,8
Chhattisgarh,2011,Re-arrested escapees,3,0,3
Goa,2001,Escapees from Inside Prison,2,0,2
Goa,2001,Escapees from Outside Prison,1,0,1
Goa,2001,Escapees from Police Custody,0,0,0
Goa,2001,Re-arrested escapees,0,0,0
Goa,2002,Escapees from Inside Prison,3,0,3
Goa,2002,Escapees from Outside Prison,3,0,3
Goa,2002,Escapees from Police Custody,0,0,0
Goa,2002,Re-arrested escapees,0,0,0
Goa,2003,Escapees from Inside Prison,1,0,1
Goa,2003,Escapees from Outside Prison,0,0,0
Goa,2003,Escapees from Police Custody,0,0,0
Goa,2003,Re-arrested escapees,0,0,0
Goa,2004,Escapees from Inside Prison,0,0,0
Goa,2004,Escapees from Outside Prison,0,0,0
Goa,2004,Escapees from Police Custody,0,0,0
Goa,2004,Re-arrested escapees,0,0,0
Goa,2005,Escapees from Inside Prison,4,0,4
Goa,2005,Escapees from Outside Prison,0,0,0
Goa,2005,Escapees from Police Custody,0,0,0
Goa,2005,Re-arrested escapees,1,0,1
Goa,2006,Escapees from Inside Prison,8,0,8
Goa,2006,Escapees from Outside Prison,0,0,0
Goa,2006,Escapees from Police Custody,1,0,1
Goa,2006,Re-arrested escapees,0,0,0
Goa,2007,Escapees from Inside Prison,14,0,14
Goa,2007,Escapees from Outside Prison,0,0,0
Goa,2007,Escapees from Police Custody,0,0,0
Goa,2007,Re-arrested escapees,0,0,0
Goa,2008,Escapees from Inside Prison,1,0,1
Goa,2008,Escapees from Outside Prison,0,0,0
Goa,2008,Escapees from Police Custody,0,0,0
Goa,2008,Re-arrested escapees,0,0,0
Goa,2009,Escapees from Inside Prison,0,0,0
Goa,2009,Escapees from Outside Prison,0,0,0
Goa,2009,Escapees from Police Custody,0,0,0
Goa,2009,Re-arrested escapees,0,0,0
Goa,2010,Escapees from Inside Prison,3,0,3
Goa,2010,Escapees from Outside Prison,0,0,0
Goa,2010,Escapees from Police Custody,4,0,4
Goa,2010,Re-arrested escapees,2,0,2
Goa,2011,Escapees from Inside Prison,0,0,0
Goa,2011,Escapees from Outside Prison,0,0,0
Goa,2011,Escapees from Police Custody,3,0,3
Goa,2011,Re-arrested escapees,0,0,0
Goa,2012,Escapees from Inside Prison,0,0,0
Goa,2012,Escapees from Outside Prison,0,0,0
Goa,2012,Escapees from Police Custody,0,0,0
Goa,2012,Re-arrested escapees,1,0,1
Gujarat,2001,Escapees from Inside Prison,8,0,8
Gujarat,2001,Escapees from Outside Prison,4,0,4
Gujarat,2001,Escapees from Police Custody,25,0,25
Gujarat,2001,Re-arrested escapees,4,0,4
Gujarat,2002,Escapees from Inside Prison,1,0,1
Gujarat,2002,Escapees from Outside Prison,0,0,0
Gujarat,2002,Escapees from Police Custody,13,0,13
Gujarat,2002,Re-arrested escapees,0,0,0
Gujarat,2003,Escapees from Inside Prison,3,0,3
Gujarat,2003,Escapees from Outside Prison,1,0,1
Gujarat,2003,Escapees from Police Custody,34,0,34
Gujarat,2003,Re-arrested escapees,0,0,0
Gujarat,2004,Escapees from Inside Prison,0,0,0
Gujarat,2004,Escapees from Outside Prison,9,0,9
Gujarat,2004,Escapees from Police Custody,18,0,18
Gujarat,2004,Re-arrested escapees,4,0,4
Gujarat,2005,Escapees from Inside Prison,3,0,3
Gujarat,2005,Escapees from Outside Prison,13,0,13
Gujarat,2005,Escapees from Police Custody,16,0,16
Gujarat,2005,Re-arrested escapees,7,0,7
Gujarat,2006,Escapees from Inside Prison,4,0,4
Gujarat,2006,Escapees from Outside Prison,5,0,5
Gujarat,2006,Escapees from Police Custody,19,1,20
Gujarat,2006,Re-arrested escapees,5,0,5
Gujarat,2007,Escapees from Inside Prison,1,0,1
Gujarat,2007,Escapees from Outside Prison,5,0,5
Gujarat,2007,Escapees from Police Custody,17,0,17
Gujarat,2007,Re-arrested escapees,7,0,7
Gujarat,2008,Escapees from Inside Prison,0,0,0
Gujarat,2008,Escapees from Outside Prison,23,1,24
Gujarat,2008,Escapees from Police Custody,27,1,28
Gujarat,2008,Re-arrested escapees,40,0,40
Gujarat,2009,Escapees from Inside Prison,1,0,1
Gujarat,2009,Escapees from Outside Prison,0,0,0
Gujarat,2009,Escapees from Police Custody,35,1,36
Gujarat,2009,Re-arrested escapees,26,1,27
Gujarat,2010,Escapees from Inside Prison,0,0,0
Gujarat,2010,Escapees from Outside Prison,0,0,0
Gujarat,2010,Escapees from Police Custody,43,1,44
Gujarat,2010,Re-arrested escapees,30,0,30
Gujarat,2011,Escapees from Inside Prison,7,0,7
Gujarat,2011,Escapees from Outside Prison,2,0,2
Gujarat,2011,Escapees from Police Custody,16,0,16
Gujarat,2011,Re-arrested escapees,6,0,6
Gujarat,2012,Escapees from Inside Prison,1,0,1
Gujarat,2012,Escapees from Outside Prison,10,0,10
Gujarat,2012,Escapees from Police Custody,17,0,17
Gujarat,2012,Re-arrested escapees,7,0,7
Haryana,2001,Escapees from Inside Prison,0,0,0
Haryana,2001,Escapees from Outside Prison,2,0,2
Haryana,2001,Escapees from Police Custody,7,0,7
Haryana,2001,Re-arrested escapees,2,0,2
Haryana,2002,Escapees from Inside Prison,0,0,0
Haryana,2002,Escapees from Outside Prison,0,0,0
Haryana,2002,Escapees from Police Custody,0,0,0
Haryana,2002,Re-arrested escapees,0,0,0
Haryana,2003,Escapees from Inside Prison,10,0,10
Haryana,2003,Escapees from Outside Prison,2,0,2
Haryana,2003,Escapees from Police Custody,2,0,2
Haryana,2003,Re-arrested escapees,0,0,0
Haryana,2004,Escapees from Inside Prison,0,0,0
Haryana,2004,Escapees from Outside Prison,1,0,1
Haryana,2004,Escapees from Police Custody,11,0,11
Haryana,2004,Re-arrested escapees,0,0,0
Haryana,2005,Escapees from Inside Prison,1,0,1
Haryana,2005,Escapees from Outside Prison,0,0,0
Haryana,2005,Escapees from Police Custody,12,0,12
Haryana,2005,Re-arrested escapees,0,0,0
Haryana,2006,Escapees from Inside Prison,1,0,1
Haryana,2006,Escapees from Outside Prison,0,0,0
Haryana,2006,Escapees from Police Custody,16,0,16
Haryana,2006,Re-arrested escapees,4,0,4
Haryana,2007,Escapees from Inside Prison,1,0,1
Haryana,2007,Escapees from Outside Prison,1,0,1
Haryana,2007,Escapees from Police Custody,7,0,7
Haryana,2007,Re-arrested escapees,1,0,1
Haryana,2008,Escapees from Inside Prison,0,0,0
Haryana,2008,Escapees from Outside Prison,0,0,0
Haryana,2008,Escapees from Police Custody,5,0,5
Haryana,2008,Re-arrested escapees,2,0,2
Haryana,2009,Escapees from Inside Prison,4,0,4
Haryana,2009,Escapees from Outside Prison,0,0,0
Haryana,2009,Escapees from Police Custody,13,0,13
Haryana,2009,Re-arrested escapees,2,0,2
Haryana,2010,Escapees from Inside Prison,0,0,0
Haryana,2010,Escapees from Outside Prison,1,0,1
Haryana,2010,Escapees from Police Custody,36,0,36
Haryana,2010,Re-arrested escapees,19,0,19
Haryana,2011,Escapees from Inside Prison,0,0,0
Haryana,2011,Escapees from Outside Prison,0,0,0
Haryana,2011,Escapees from Police Custody,24,0,24
Haryana,2011,Re-arrested escapees,3,0,3
Haryana,2012,Escapees from Inside Prison,8,0,8
Haryana,2012,Escapees from Outside Prison,2,0,2
Haryana,2012,Escapees from Police Custody,5,0,5
Haryana,2012,Re-arrested escapees,5,0,5
Himachal Pradesh,2001,Escapees from Inside Prison,4,0,4
Himachal Pradesh,2001,Escapees from Outside Prison,0,0,0
Himachal Pradesh,2001,Escapees from Police Custody,4,0,4
Himachal Pradesh,2001,Re-arrested escapees,0,0,0
Himachal Pradesh,2002,Escapees from Inside Prison,7,0,7
Himachal Pradesh,2002,Escapees from Outside Prison,0,0,0
Himachal Pradesh,2002,Escapees from Police Custody,4,0,4
Himachal Pradesh,2002,Re-arrested escapees,3,0,3
Himachal Pradesh,2003,Escapees from Inside Prison,0,0,0
Himachal Pradesh,2003,Escapees from Outside Prison,3,0,3
Himachal Pradesh,2003,Escapees from Police Custody,9,0,9
Himachal Pradesh,2003,Re-arrested escapees,6,0,6
Himachal Pradesh,2004,Escapees from Inside Prison,1,0,1
Himachal Pradesh,2004,Escapees from Outside Prison,0,0,0
Himachal Pradesh,2004,Escapees from Police Custody,9,0,9
Himachal Pradesh,2004,Re-arrested escapees,0,0,0
Himachal Pradesh,2005,Escapees from Inside Prison,1,0,1
Himachal Pradesh,2005,Escapees from Outside Prison,0,0,0
Himachal Pradesh,2005,Escapees from Police Custody,9,0,9
Himachal Pradesh,2005,Re-arrested escapees,5,0,5
Himachal Pradesh,2006,Escapees from Inside Prison,0,0,0
Himachal Pradesh,2006,Escapees from Outside Prison,0,0,0
Himachal Pradesh,2006,Escapees from Police Custody,5,0,5
Himachal Pradesh,2006,Re-arrested escapees,0,0,0
Himachal Pradesh,2007,Escapees from Inside Prison,0,0,0
Himachal Pradesh,2007,Escapees from Outside Prison,0,0,0
Himachal Pradesh,2007,Escapees from Police Custody,3,0,3
Himachal Pradesh,2007,Re-arrested escapees,0,0,0
Himachal Pradesh,2008,Escapees from Inside Prison,0,0,0
Himachal Pradesh,2008,Escapees from Outside Prison,0,0,0
Himachal Pradesh,2008,Escapees from Police Custody,2,0,2
Himachal Pradesh,2008,Re-arrested escapees,1,0,1
Himachal Pradesh,2009,Escapees from Inside Prison,0,0,0
Himachal Pradesh,2009,Escapees from Outside Prison,0,0,0
Himachal Pradesh,2009,Escapees from Police Custody,3,0,3
Himachal Pradesh,2009,Re-arrested escapees,2,0,2
Himachal Pradesh,2010,Escapees from Inside Prison,1,0,1
Himachal Pradesh,2010,Escapees from Outside Prison,0,0,0
Himachal Pradesh,2010,Escapees from Police Custody,5,0,5
Himachal Pradesh,2010,Re-arrested escapees,0,0,0
Himachal Pradesh,2011,Escapees from Inside Prison,0,0,0
Himachal Pradesh,2011,Escapees from Outside Prison,0,0,0
Himachal Pradesh,2011,Escapees from Police Custody,6,0,6
Himachal Pradesh,2011,Re-arrested escapees,4,0,4
Himachal Pradesh,2012,Escapees from Inside Prison,0,0,0
Himachal Pradesh,2012,Escapees from Outside Prison,0,0,0
Himachal Pradesh,2012,Escapees from Police Custody,2,0,2
Himachal Pradesh,2012,Re-arrested escapees,1,0,1
Jammu & Kashmir,2001,Escapees from Inside Prison,2,0,2
Jammu & Kashmir,2001,Escapees from Outside Prison,0,0,0
Jammu & Kashmir,2001,Escapees from Police Custody,0,0,0
Jammu & Kashmir,2001,Re-arrested escapees,0,0,0
Jammu & Kashmir,2002,Escapees from Inside Prison,0,0,0
Jammu & Kashmir,2002,Escapees from Outside Prison,0,0,0
Jammu & Kashmir,2002,Escapees from Police Custody,0,0,0
Jammu & Kashmir,2002,Re-arrested escapees,0,0,0
Jammu & Kashmir,2003,Escapees from Inside Prison,0,0,0
Jammu & Kashmir,2003,Escapees from Outside Prison,0,0,0
Jammu & Kashmir,2003,Escapees from Police Custody,0,0,0
Jammu & Kashmir,2003,Re-arrested escapees,0,0,0
Jammu & Kashmir,2004,Escapees from Inside Prison,0,0,0
Jammu & Kashmir,2004,Escapees from Outside Prison,0,0,0
Jammu & Kashmir,2004,Escapees from Police Custody,0,0,0
Jammu & Kashmir,2004,Re-arrested escapees,0,0,0
Jammu & Kashmir,2005,Escapees from Inside Prison,0,0,0
Jammu & Kashmir,2005,Escapees from Outside Prison,0,0,0
Jammu & Kashmir,2005,Escapees from Police Custody,0,0,0
Jammu & Kashmir,2005,Re-arrested escapees,0,0,0
Jammu & Kashmir,2006,Escapees from Inside Prison,0,0,0
Jammu & Kashmir,2006,Escapees from Outside Prison,0,0,0
Jammu & Kashmir,2006,Escapees from Police Custody,2,0,2
Jammu & Kashmir,2006,Re-arrested escapees,0,0,0
Jammu & Kashmir,2007,Escapees from Inside Prison,0,0,0
Jammu & Kashmir,2007,Escapees from Outside Prison,0,0,0
Jammu & Kashmir,2007,Escapees from Police Custody,0,0,0
Jammu & Kashmir,2007,Re-arrested escapees,0,0,0
Jammu & Kashmir,2008,Escapees from Inside Prison,0,0,0
Jammu & Kashmir,2008,Escapees from Outside Prison,0,0,0
Jammu & Kashmir,2008,Escapees from Police Custody,0,0,0
Jammu & Kashmir,2008,Re-arrested escapees,0,0,0
Jammu & Kashmir,2009,Escapees from Inside Prison,0,0,0
Jammu & Kashmir,2009,Escapees from Outside Prison,0,0,0
Jammu & Kashmir,2009,Escapees from Police Custody,0,0,0
Jammu & Kashmir,2009,Re-arrested escapees,0,0,0
Jammu & Kashmir,2010,Escapees from Inside Prison,0,0,0
Jammu & Kashmir,2010,Escapees from Outside Prison,0,0,0
Jammu & Kashmir,2010,Escapees from Police Custody,0,0,0
Jammu & Kashmir,2010,Re-arrested escapees,0,0,0
Jammu & Kashmir,2011,Escapees from Inside Prison,0,0,0
Jammu & Kashmir,2011,Escapees from Outside Prison,0,0,0
Jammu & Kashmir,2011,Escapees from Police Custody,1,0,1
Jammu & Kashmir,2011,Re-arrested escapees,1,0,1
Jammu & Kashmir,2012,Escapees from Inside Prison,0,0,0
Jammu & Kashmir,2012,Escapees from Outside Prison,0,0,0
Jammu & Kashmir,2012,Escapees from Police Custody,3,0,3
Jammu & Kashmir,2012,Re-arrested escapees,3,0,3
Jharkhand,2001,Escapees from Inside Prison,17,0,17
Jharkhand,2001,Escapees from Outside Prison,7,0,7
Jharkhand,2001,Escapees from Police Custody,6,0,6
Jharkhand,2001,Re-arrested escapees,6,0,6
Jharkhand,2002,Escapees from Inside Prison,10,0,10
Jharkhand,2002,Escapees from Outside Prison,20,0,20
Jharkhand,2002,Escapees from Police Custody,8,0,8
Jharkhand,2002,Re-arrested escapees,16,0,16
Jharkhand,2003,Escapees from Inside Prison,8,0,8
Jharkhand,2003,Escapees from Outside Prison,16,0,16
Jharkhand,2003,Escapees from Police Custody,13,0,13
Jharkhand,2003,Re-arrested escapees,3,0,3
Jharkhand,2004,Escapees from Inside Prison,2,0,2
Jharkhand,2004,Escapees from Outside Prison,3,0,3
Jharkhand,2004,Escapees from Police Custody,6,0,6
Jharkhand,2004,Re-arrested escapees,2,0,2
Jharkhand,2005,Escapees from Inside Prison,0,0,0
Jharkhand,2005,Escapees from Outside Prison,2,0,2
Jharkhand,2005,Escapees from Police Custody,24,0,24
Jharkhand,2005,Re-arrested escapees,18,0,18
Jharkhand,2006,Escapees from Inside Prison,1,0,1
Jharkhand,2006,Escapees from Outside Prison,1,0,1
Jharkhand,2006,Escapees from Police Custody,7,0,7
Jharkhand,2006,Re-arrested escapees,0,0,0
Jharkhand,2007,Escapees from Inside Prison,0,0,0
Jharkhand,2007,Escapees from Outside Prison,1,0,1
Jharkhand,2007,Escapees from Police Custody,2,0,2
Jharkhand,2007,Re-arrested escapees,0,0,0
Jharkhand,2008,Escapees from Inside Prison,4,0,4
Jharkhand,2008,Escapees from Outside Prison,8,0,8
Jharkhand,2008,Escapees from Police Custody,12,0,12
Jharkhand,2008,Re-arrested escapees,3,0,3
Jharkhand,2009,Escapees from Inside Prison,0,0,0
Jharkhand,2009,Escapees from Outside Prison,9,0,9
Jharkhand,2009,Escapees from Police Custody,1,0,1
Jharkhand,2009,Re-arrested escapees,4,0,4
Jharkhand,2010,Escapees from Inside Prison,0,0,0
Jharkhand,2010,Escapees from Outside Prison,6,0,6
Jharkhand,2010,Escapees from Police Custody,0,0,0
Jharkhand,2010,Re-arrested escapees,1,0,1
Jharkhand,2011,Escapees from Inside Prison,9,0,9
Jharkhand,2011,Escapees from Outside Prison,1,0,1
Jharkhand,2011,Escapees from Police Custody,0,0,0
Jharkhand,2011,Re-arrested escapees,0,0,0
Jharkhand,2012,Escapees from Inside Prison,0,0,0
Jharkhand,2012,Escapees from Outside Prison,0,0,0
Jharkhand,2012,Escapees from Police Custody,0,0,0
Jharkhand,2012,Re-arrested escapees,0,0,0
Karnataka,2001,Escapees from Inside Prison,7,0,7
Karnataka,2001,Escapees from Outside Prison,5,0,5
Karnataka,2001,Escapees from Police Custody,5,0,5
Karnataka,2001,Re-arrested escapees,1,0,1
Karnataka,2002,Escapees from Inside Prison,1,0,1
Karnataka,2002,Escapees from Outside Prison,8,0,8
Karnataka,2002,Escapees from Police Custody,15,0,15
Karnataka,2002,Re-arrested escapees,9,0,9
Karnataka,2003,Escapees from Inside Prison,10,0,10
Karnataka,2003,Escapees from Outside Prison,2,0,2
Karnataka,2003,Escapees from Police Custody,18,0,18
Karnataka,2003,Re-arrested escapees,5,0,5
Karnataka,2004,Escapees from Inside Prison,3,0,3
Karnataka,2004,Escapees from Outside Prison,1,0,1
Karnataka,2004,Escapees from Police Custody,14,0,14
Karnataka,2004,Re-arrested escapees,0,0,0
Karnataka,2005,Escapees from Inside Prison,7,0,7
Karnataka,2005,Escapees from Outside Prison,0,0,0
Karnataka,2005,Escapees from Police Custody,13,1,14
Karnataka,2005,Re-arrested escapees,3,0,3
Karnataka,2006,Escapees from Inside Prison,4,0,4
Karnataka,2006,Escapees from Outside Prison,3,0,3
Karnataka,2006,Escapees from Police Custody,12,1,13
Karnataka,2006,Re-arrested escapees,5,1,6
Karnataka,2007,Escapees from Inside Prison,12,0,12
Karnataka,2007,Escapees from Outside Prison,13,0,13
Karnataka,2007,Escapees from Police Custody,13,1,14
Karnataka,2007,Re-arrested escapees,14,1,15
Karnataka,2008,Escapees from Inside Prison,7,0,7
Karnataka,2008,Escapees from Outside Prison,0,0,0
Karnataka,2008,Escapees from Police Custody,12,0,12
Karnataka,2008,Re-arrested escapees,5,0,5
Karnataka,2009,Escapees from Inside Prison,9,0,9
Karnataka,2009,Escapees from Outside Prison,0,0,0
Karnataka,2009,Escapees from Police Custody,21,0,21
Karnataka,2009,Re-arrested escapees,5,0,5
Karnataka,2010,Escapees from Inside Prison,12,0,12
Karnataka,2010,Escapees from Outside Prison,1,0,1
Karnataka,2010,Escapees from Police Custody,16,0,16
Karnataka,2010,Re-arrested escapees,12,0,12
Karnataka,2011,Escapees from Inside Prison,10,0,10
Karnataka,2011,Escapees from Outside Prison,0,0,0
Karnataka,2011,Escapees from Police Custody,12,0,12
Karnataka,2011,Re-arrested escapees,12,0,12
Karnataka,2012,Escapees from Inside Prison,8,0,8
Karnataka,2012,Escapees from Outside Prison,1,0,1
Karnataka,2012,Escapees from Police Custody,14,0,14
Karnataka,2012,Re-arrested escapees,0,0,0
Kerala,2001,Escapees from Inside Prison,18,0,18
Kerala,2001,Escapees from Outside Prison,0,0,0
Kerala,2001,Escapees from Police Custody,0,0,0
Kerala,2001,Re-arrested escapees,0,0,0
Kerala,2002,Escapees from Inside Prison,4,0,4
Kerala,2002,Escapees from Outside Prison,0,0,0
Kerala,2002,Escapees from Police Custody,9,0,9
Kerala,2002,Re-arrested escapees,3,0,3
Kerala,2003,Escapees from Inside Prison,0,0,0
Kerala,2003,Escapees from Outside Prison,5,0,5
Kerala,2003,Escapees from Police Custody,3,0,3
Kerala,2003,Re-arrested escapees,6,0,6
Kerala,2004,Escapees from Inside Prison,4,0,4
Kerala,2004,Escapees from Outside Prison,0,0,0
Kerala,2004,Escapees from Police Custody,7,0,7
Kerala,2004,Re-arrested escapees,3,0,3
Kerala,2005,Escapees from Inside Prison,3,0,3
Kerala,2005,Escapees from Outside Prison,1,0,1
Kerala,2005,Escapees from Police Custody,9,0,9
Kerala,2005,Re-arrested escapees,0,0,0
Kerala,2006,Escapees from Inside Prison,4,0,4
Kerala,2006,Escapees from Outside Prison,1,0,1
Kerala,2006,Escapees from Police Custody,4,0,4
Kerala,2006,Re-arrested escapees,9,0,9
Kerala,2007,Escapees from Inside Prison,3,0,3
Kerala,2007,Escapees from Outside Prison,3,0,3
Kerala,2007,Escapees from Police Custody,8,0,8
Kerala,2007,Re-arrested escapees,5,0,5
Kerala,2008,Escapees from Inside Prison,1,0,1
Kerala,2008,Escapees from Outside Prison,1,0,1
Kerala,2008,Escapees from Police Custody,17,0,17
Kerala,2008,Re-arrested escapees,6,0,6
Kerala,2009,Escapees from Inside Prison,1,0,1
Kerala,2009,Escapees from Outside Prison,1,0,1
Kerala,2009,Escapees from Police Custody,6,0,6
Kerala,2009,Re-arrested escapees,1,0,1
Kerala,2010,Escapees from Inside Prison,4,0,4
Kerala,2010,Escapees from Outside Prison,9,0,9
Kerala,2010,Escapees from Police Custody,0,0,0
Kerala,2010,Re-arrested escapees,0,0,0
Kerala,2011,Escapees from Inside Prison,0,0,0
Kerala,2011,Escapees from Outside Prison,3,0,3
Kerala,2011,Escapees from Police Custody,0,0,0
Kerala,2011,Re-arrested escapees,0,0,0
Kerala,2012,Escapees from Inside Prison,9,0,9
Kerala,2012,Escapees from Outside Prison,2,0,2
Kerala,2012,Escapees from Police Custody,1,0,1
Kerala,2012,Re-arrested escapees,6,0,6
Madhya Pradesh,2001,Escapees from Inside Prison,15,0,15
Madhya Pradesh,2001,Escapees from Outside Prison,9,0,9
Madhya Pradesh,2001,Escapees from Police Custody,30,0,30
Madhya Pradesh,2001,Re-arrested escapees,15,0,15
Madhya Pradesh,2002,Escapees from Inside Prison,72,0,72
Madhya Pradesh,2002,Escapees from Outside Prison,5,0,5
Madhya Pradesh,2002,Escapees from Police Custody,22,0,22
Madhya Pradesh,2002,Re-arrested escapees,12,0,12
Madhya Pradesh,2003,Escapees from Inside Prison,15,0,15
Madhya Pradesh,2003,Escapees from Outside Prison,2,1,3
Madhya Pradesh,2003,Escapees from Police Custody,43,1,44
Madhya Pradesh,2003,Re-arrested escapees,10,0,10
Madhya Pradesh,2004,Escapees from Inside Prison,16,0,16
Madhya Pradesh,2004,Escapees from Outside Prison,2,1,3
Madhya Pradesh,2004,Escapees from Police Custody,40,1,41
Madhya Pradesh,2004,Re-arrested escapees,17,1,18
Madhya Pradesh,2005,Escapees from Inside Prison,0,1,1
Madhya Pradesh,2005,Escapees from Outside Prison,22,1,23
Madhya Pradesh,2005,Escapees from Police Custody,23,0,23
Madhya Pradesh,2005,Re-arrested escapees,21,1,22
Madhya Pradesh,2006,Escapees from Inside Prison,8,0,8
Madhya Pradesh,2006,Escapees from Outside Prison,22,0,22
Madhya Pradesh,2006,Escapees from Police Custody,32,0,32
Madhya Pradesh,2006,Re-arrested escapees,26,0,26
Madhya Pradesh,2007,Escapees from Inside Prison,0,0,0
Madhya Pradesh,2007,Escapees from Outside Prison,22,0,22
Madhya Pradesh,2007,Escapees from Police Custody,26,0,26
Madhya Pradesh,2007,Re-arrested escapees,26,0,26
Madhya Pradesh,2008,Escapees from Inside Prison,12,0,12
Madhya Pradesh,2008,Escapees from Outside Prison,22,1,23
Madhya Pradesh,2008,Escapees from Police Custody,32,1,33
Madhya Pradesh,2008,Re-arrested escapees,26,0,26
Madhya Pradesh,2009,Escapees from Inside Prison,24,0,24
Madhya Pradesh,2009,Escapees from Outside Prison,10,0,10
Madhya Pradesh,2009,Escapees from Police Custody,59,0,59
Madhya Pradesh,2009,Re-arrested escapees,22,0,22
Madhya Pradesh,2010,Escapees from Inside Prison,15,0,15
Madhya Pradesh,2010,Escapees from Outside Prison,2,0,2
Madhya Pradesh,2010,Escapees from Police Custody,42,0,42
Madhya Pradesh,2010,Re-arrested escapees,38,0,38
Madhya Pradesh,2011,Escapees from Inside Prison,34,0,34
Madhya Pradesh,2011,Escapees from Outside Prison,9,0,9
Madhya Pradesh,2011,Escapees from Police Custody,36,0,36
Madhya Pradesh,2011,Re-arrested escapees,36,0,36
Madhya Pradesh,2012,Escapees from Inside Prison,6,0,6
Madhya Pradesh,2012,Escapees from Outside Prison,9,0,9
Madhya Pradesh,2012,Escapees from Police Custody,27,0,27
Madhya Pradesh,2012,Re-arrested escapees,22,0,22
Maharashtra,2001,Escapees from Inside Prison,7,0,7
Maharashtra,2001,Escapees from Outside Prison,12,0,12
Maharashtra,2001,Escapees from Police Custody,0,0,0
Maharashtra,2001,Re-arrested escapees,7,0,7
Maharashtra,2002,Escapees from Inside Prison,6,0,6
Maharashtra,2002,Escapees from Outside Prison,19,1,20
Maharashtra,2002,Escapees from Police Custody,6,0,6
Maharashtra,2002,Re-arrested escapees,4,0,4
Maharashtra,2003,Escapees from Inside Prison,7,0,7
Maharashtra,2003,Escapees from Outside Prison,8,1,9
Maharashtra,2003,Escapees from Police Custody,36,0,36
Maharashtra,2003,Re-arrested escapees,26,0,26
Maharashtra,2004,Escapees from Inside Prison,5,0,5
Maharashtra,2004,Escapees from Outside Prison,7,0,7
Maharashtra,2004,Escapees from Police Custody,24,0,24
Maharashtra,2004,Re-arrested escapees,14,0,14
Maharashtra,2005,Escapees from Inside Prison,4,0,4
Maharashtra,2005,Escapees from Outside Prison,9,0,9
Maharashtra,2005,Escapees from Police Custody,36,4,40
Maharashtra,2005,Re-arrested escapees,12,2,14
Maharashtra,2006,Escapees from Inside Prison,5,0,5
Maharashtra,2006,Escapees from Outside Prison,17,2,19
Maharashtra,2006,Escapees from Police Custody,30,3,33
Maharashtra,2006,Re-arrested escapees,27,2,29
Maharashtra,2007,Escapees from Inside Prison,1,0,1
Maharashtra,2007,Escapees from Outside Prison,7,1,8
Maharashtra,2007,Escapees from Police Custody,15,0,15
Maharashtra,2007,Re-arrested escapees,7,1,8
Maharashtra,2008,Escapees from Inside Prison,3,1,4
Maharashtra,2008,Escapees from Outside Prison,0,0,0
Maharashtra,2008,Escapees from Police Custody,2,0,2
Maharashtra,2008,Re-arrested escapees,4,0,4
Maharashtra,2009,Escapees from Inside Prison,7,0,7
Maharashtra,2009,Escapees from Outside Prison,0,0,0
Maharashtra,2009,Escapees from Police Custody,14,0,14
Maharashtra,2009,Re-arrested escapees,6,0,6
Maharashtra,2010,Escapees from Inside Prison,2,0,2
Maharashtra,2010,Escapees from Outside Prison,8,0,8
Maharashtra,2010,Escapees from Police Custody,11,0,11
Maharashtra,2010,Re-arrested escapees,9,0,9
Maharashtra,2011,Escapees from Inside Prison,3,1,4
Maharashtra,2011,Escapees from Outside Prison,0,0,0
Maharashtra,2011,Escapees from Police Custody,34,1,35
Maharashtra,2011,Re-arrested escapees,14,2,16
Maharashtra,2012,Escapees from Inside Prison,3,0,3
Maharashtra,2012,Escapees from Outside Prison,17,2,19
Maharashtra,2012,Escapees from Police Custody,18,0,18
Maharashtra,2012,Re-arrested escapees,27,1,28
Manipur,2001,Escapees from Inside Prison,0,0,0
Manipur,2001,Escapees from Outside Prison,0,0,0
Manipur,2001,Escapees from Police Custody,0,0,0
Manipur,2001,Re-arrested escapees,0,0,0
Manipur,2002,Escapees from Inside Prison,0,0,0
Manipur,2002,Escapees from Outside Prison,0,0,0
Manipur,2002,Escapees from Police Custody,0,0,0
Manipur,2002,Re-arrested escapees,0,0,0
Manipur,2003,Escapees from Inside Prison,0,0,0
Manipur,2003,Escapees from Outside Prison,0,0,0
Manipur,2003,Escapees from Police Custody,0,0,0
Manipur,2003,Re-arrested escapees,0,0,0
Manipur,2004,Escapees from Inside Prison,0,0,0
Manipur,2004,Escapees from Outside Prison,0,0,0
Manipur,2004,Escapees from Police Custody,0,0,0
Manipur,2004,Re-arrested escapees,0,0,0
Manipur,2005,Escapees from Inside Prison,0,0,0
Manipur,2005,Escapees from Outside Prison,0,0,0
Manipur,2005,Escapees from Police Custody,0,0,0
Manipur,2005,Re-arrested escapees,0,0,0
Manipur,2006,Escapees from Inside Prison,0,0,0
Manipur,2006,Escapees from Outside Prison,0,0,0
Manipur,2006,Escapees from Police Custody,0,0,0
Manipur,2006,Re-arrested escapees,0,0,0
Manipur,2007,Escapees from Inside Prison,0,0,0
Manipur,2007,Escapees from Outside Prison,0,0,0
Manipur,2007,Escapees from Police Custody,0,0,0
Manipur,2007,Re-arrested escapees,0,0,0
Manipur,2008,Escapees from Inside Prison,0,0,0
Manipur,2008,Escapees from Outside Prison,1,0,1
Manipur,2008,Escapees from Police Custody,0,0,0
Manipur,2008,Re-arrested escapees,0,0,0
Manipur,2009,Escapees from Inside Prison,0,0,0
Manipur,2009,Escapees from Outside Prison,0,0,0
Manipur,2009,Escapees from Police Custody,0,0,0
Manipur,2009,Re-arrested escapees,0,0,0
Manipur,2010,Escapees from Inside Prison,0,0,0
Manipur,2010,Escapees from Outside Prison,0,0,0
Manipur,2010,Escapees from Police Custody,0,0,0
Manipur,2010,Re-arrested escapees,0,0,0
Manipur,2011,Escapees from Inside Prison,0,0,0
Manipur,2011,Escapees from Outside Prison,0,0,0
Manipur,2011,Escapees from Police Custody,0,0,0
Manipur,2011,Re-arrested escapees,0,0,0
Manipur,2012,Escapees from Inside Prison,0,0,0
Manipur,2012,Escapees from Outside Prison,1,0,1
Manipur,2012,Escapees from Police Custody,0,0,0
Manipur,2012,Re-arrested escapees,0,0,0
Meghalaya,2001,Escapees from Inside Prison,48,0,48
Meghalaya,2001,Escapees from Outside Prison,0,0,0
Meghalaya,2001,Escapees from Police Custody,0,0,0
Meghalaya,2001,Re-arrested escapees,7,0,7
Meghalaya,2002,Escapees from Inside Prison,0,0,0
Meghalaya,2002,Escapees from Outside Prison,0,0,0
Meghalaya,2002,Escapees from Police Custody,4,0,4
Meghalaya,2002,Re-arrested escapees,3,0,3
Meghalaya,2003,Escapees from Inside Prison,0,0,0
Meghalaya,2003,Escapees from Outside Prison,0,0,0
Meghalaya,2003,Escapees from Police Custody,0,0,0
Meghalaya,2003,Re-arrested escapees,0,0,0
Meghalaya,2004,Escapees from Inside Prison,0,0,0
Meghalaya,2004,Escapees from Outside Prison,0,0,0
Meghalaya,2004,Escapees from Police Custody,0,0,0
Meghalaya,2004,Re-arrested escapees,0,0,0
Meghalaya,2005,Escapees from Inside Prison,0,0,0
Meghalaya,2005,Escapees from Outside Prison,0,0,0
Meghalaya,2005,Escapees from Police Custody,0,0,0
Meghalaya,2005,Re-arrested escapees,0,0,0
Meghalaya,2006,Escapees from Inside Prison,3,0,3
Meghalaya,2006,Escapees from Outside Prison,1,0,1
Meghalaya,2006,Escapees from Police Custody,0,0,0
Meghalaya,2006,Re-arrested escapees,0,0,0
Meghalaya,2007,Escapees from Inside Prison,4,0,4
Meghalaya,2007,Escapees from Outside Prison,0,0,0
Meghalaya,2007,Escapees from Police Custody,0,0,0
Meghalaya,2007,Re-arrested escapees,0,0,0
Meghalaya,2008,Escapees from Inside Prison,7,0,7
Meghalaya,2008,Escapees from Outside Prison,0,0,0
Meghalaya,2008,Escapees from Police Custody,0,0,0
Meghalaya,2008,Re-arrested escapees,0,0,0
Meghalaya,2009,Escapees from Inside Prison,6,0,6
Meghalaya,2009,Escapees from Outside Prison,0,0,0
Meghalaya,2009,Escapees from Police Custody,0,0,0
Meghalaya,2009,Re-arrested escapees,5,0,5
Meghalaya,2010,Escapees from Inside Prison,0,0,0
Meghalaya,2010,Escapees from Outside Prison,0,0,0
Meghalaya,2010,Escapees from Police Custody,0,0,0
Meghalaya,2010,Re-arrested escapees,0,0,0
Meghalaya,2011,Escapees from Inside Prison,0,0,0
Meghalaya,2011,Escapees from Outside Prison,0,0,0
Meghalaya,2011,Escapees from Police Custody,0,0,0
Meghalaya,2011,Re-arrested escapees,0,0,0
Meghalaya,2012,Escapees from Inside Prison,0,0,0
Meghalaya,2012,Escapees from Outside Prison,0,0,0
Meghalaya,2012,Escapees from Police Custody,0,0,0
Meghalaya,2012,Re-arrested escapees,0,0,0
Mizoram,2001,Escapees from Inside Prison,2,0,2
Mizoram,2001,Escapees from Outside Prison,0,0,0
Mizoram,2001,Escapees from Police Custody,0,0,0
Mizoram,2001,Re-arrested escapees,0,0,0
Mizoram,2002,Escapees from Inside Prison,3,0,3
Mizoram,2002,Escapees from Outside Prison,0,0,0
Mizoram,2002,Escapees from Police Custody,0,0,0
Mizoram,2002,Re-arrested escapees,0,0,0
Mizoram,2003,Escapees from Inside Prison,0,0,0
Mizoram,2003,Escapees from Outside Prison,0,0,0
Mizoram,2003,Escapees from Police Custody,0,0,0
Mizoram,2003,Re-arrested escapees,0,0,0
Mizoram,2004,Escapees from Inside Prison,1,0,1
Mizoram,2004,Escapees from Outside Prison,0,0,0
Mizoram,2004,Escapees from Police Custody,0,0,0
Mizoram,2004,Re-arrested escapees,0,0,0
Mizoram,2005,Escapees from Inside Prison,7,0,7
Mizoram,2005,Escapees from Outside Prison,0,0,0
Mizoram,2005,Escapees from Police Custody,0,0,0
Mizoram,2005,Re-arrested escapees,5,0,5
Mizoram,2006,Escapees from Inside Prison,0,0,0
Mizoram,2006,Escapees from Outside Prison,0,0,0
Mizoram,2006,Escapees from Police Custody,0,0,0
Mizoram,2006,Re-arrested escapees,0,0,0
Mizoram,2007,Escapees from Inside Prison,2,0,2
Mizoram,2007,Escapees from Outside Prison,1,0,1
Mizoram,2007,Escapees from Police Custody,0,0,0
Mizoram,2007,Re-arrested escapees,0,0,0
Mizoram,2008,Escapees from Inside Prison,4,0,4
Mizoram,2008,Escapees from Outside Prison,0,0,0
Mizoram,2008,Escapees from Police Custody,0,0,0
Mizoram,2008,Re-arrested escapees,3,0,3
Mizoram,2009,Escapees from Inside Prison,3,0,3
Mizoram,2009,Escapees from Outside Prison,0,0,0
Mizoram,2009,Escapees from Police Custody,0,0,0
Mizoram,2009,Re-arrested escapees,1,0,1
Mizoram,2010,Escapees from Inside Prison,0,0,0
Mizoram,2010,Escapees from Outside Prison,0,0,0
Mizoram,2010,Escapees from Police Custody,0,0,0
Mizoram,2010,Re-arrested escapees,0,0,0
Mizoram,2011,Escapees from Inside Prison,0,0,0
Mizoram,2011,Escapees from Outside Prison,0,0,0
Mizoram,2011,Escapees from Police Custody,0,0,0
Mizoram,2011,Re-arrested escapees,0,0,0
Mizoram,2012,Escapees from Inside Prison,5,0,5
Mizoram,2012,Escapees from Outside Prison,1,0,1
Mizoram,2012,Escapees from Police Custody,0,0,0
Mizoram,2012,Re-arrested escapees,0,0,0
Nagaland,2001,Escapees from Inside Prison,2,0,2
Nagaland,2001,Escapees from Outside Prison,0,0,0
Nagaland,2001,Escapees from Police Custody,0,0,0
Nagaland,2001,Re-arrested escapees,0,0,0
Nagaland,2002,Escapees from Inside Prison,0,0,0
Nagaland,2002,Escapees from Outside Prison,0,0,0
Nagaland,2002,Escapees from Police Custody,0,0,0
Nagaland,2002,Re-arrested escapees,0,0,0
Nagaland,2003,Escapees from Inside Prison,0,0,0
Nagaland,2003,Escapees from Outside Prison,0,0,0
Nagaland,2003,Escapees from Police Custody,0,0,0
Nagaland,2003,Re-arrested escapees,0,0,0
Nagaland,2004,Escapees from Inside Prison,0,0,0
Nagaland,2004,Escapees from Outside Prison,0,0,0
Nagaland,2004,Escapees from Police Custody,0,0,0
Nagaland,2004,Re-arrested escapees,0,0,0
Nagaland,2005,Escapees from Inside Prison,0,0,0
Nagaland,2005,Escapees from Outside Prison,0,0,0
Nagaland,2005,Escapees from Police Custody,0,0,0
Nagaland,2005,Re-arrested escapees,0,0,0
Nagaland,2006,Escapees from Inside Prison,0,0,0
Nagaland,2006,Escapees from Outside Prison,0,0,0
Nagaland,2006,Escapees from Police Custody,0,0,0
Nagaland,2006,Re-arrested escapees,0,0,0
Nagaland,2007,Escapees from Inside Prison,3,0,3
Nagaland,2007,Escapees from Outside Prison,0,0,0
Nagaland,2007,Escapees from Police Custody,0,0,0
Nagaland,2007,Re-arrested escapees,2,0,2
Nagaland,2008,Escapees from Inside Prison,0,0,0
Nagaland,2008,Escapees from Outside Prison,2,0,2
Nagaland,2008,Escapees from Police Custody,0,0,0
Nagaland,2008,Re-arrested escapees,0,0,0
Nagaland,2009,Escapees from Inside Prison,0,0,0
Nagaland,2009,Escapees from Outside Prison,0,0,0
Nagaland,2009,Escapees from Police Custody,0,0,0
Nagaland,2009,Re-arrested escapees,0,0,0
Nagaland,2010,Escapees from Inside Prison,1,0,1
Nagaland,2010,Escapees from Outside Prison,0,0,0
Nagaland,2010,Escapees from Police Custody,0,0,0
Nagaland,2010,Re-arrested escapees,0,0,0
Nagaland,2011,Escapees from Inside Prison,1,0,1
Nagaland,2011,Escapees from Outside Prison,0,0,0
Nagaland,2011,Escapees from Police Custody,0,0,0
Nagaland,2011,Re-arrested escapees,0,0,0
Nagaland,2012,Escapees from Inside Prison,0,0,0
Nagaland,2012,Escapees from Outside Prison,0,0,0
Nagaland,2012,Escapees from Police Custody,0,0,0
Nagaland,2012,Re-arrested escapees,0,0,0
Orissa,2001,Escapees from Inside Prison,0,0,0
Orissa,2001,Escapees from Outside Prison,1,0,1
Orissa,2001,Escapees from Police Custody,2,0,2
Orissa,2001,Re-arrested escapees,0,0,0
Orissa,2002,Escapees from Inside Prison,7,0,7
Orissa,2002,Escapees from Outside Prison,0,0,0
Orissa,2002,Escapees from Police Custody,3,0,3
Orissa,2002,Re-arrested escapees,0,0,0
Orissa,2003,Escapees from Inside Prison,33,0,33
Orissa,2003,Escapees from Outside Prison,0,0,0
Orissa,2003,Escapees from Police Custody,0,0,0
Orissa,2003,Re-arrested escapees,0,0,0
Orissa,2004,Escapees from Inside Prison,5,0,5
Orissa,2004,Escapees from Outside Prison,0,0,0
Orissa,2004,Escapees from Police Custody,0,0,0
Orissa,2004,Re-arrested escapees,3,0,3
Orissa,2005,Escapees from Inside Prison,12,0,12
Orissa,2005,Escapees from Outside Prison,0,0,0
Orissa,2005,Escapees from Police Custody,0,0,0
Orissa,2005,Re-arrested escapees,6,0,6
Orissa,2006,Escapees from Inside Prison,14,0,14
Orissa,2006,Escapees from Outside Prison,0,0,0
Orissa,2006,Escapees from Police Custody,0,0,0
Orissa,2006,Re-arrested escapees,4,0,4
Orissa,2007,Escapees from Inside Prison,27,0,27
Orissa,2007,Escapees from Outside Prison,0,0,0
Orissa,2007,Escapees from Police Custody,0,0,0
Orissa,2007,Re-arrested escapees,17,0,17
Orissa,2008,Escapees from Inside Prison,12,0,12
Orissa,2008,Escapees from Outside Prison,0,0,0
Orissa,2008,Escapees from Police Custody,0,0,0
Orissa,2008,Re-arrested escapees,7,0,7
Orissa,2009,Escapees from Inside Prison,17,0,17
Orissa,2009,Escapees from Outside Prison,0,0,0
Orissa,2009,Escapees from Police Custody,0,0,0
Orissa,2009,Re-arrested escapees,6,0,6
Orissa,2010,Escapees from Inside Prison,11,0,11
Orissa,2010,Escapees from Outside Prison,0,0,0
Orissa,2010,Escapees from Police Custody,0,0,0
Orissa,2010,Re-arrested escapees,7,0,7
Orissa,2011,Escapees from Inside Prison,7,0,7
Orissa,2011,Escapees from Outside Prison,0,0,0
Orissa,2011,Escapees from Police Custody,4,0,4
Orissa,2011,Re-arrested escapees,1,0,1
Orissa,2012,Escapees from Inside Prison,10,0,10
Orissa,2012,Escapees from Outside Prison,0,0,0
Orissa,2012,Escapees from Police Custody,0,0,0
Orissa,2012,Re-arrested escapees,4,0,4
Punjab,2001,Escapees from Inside Prison,3,0,3
Punjab,2001,Escapees from Outside Prison,0,0,0
Punjab,2001,Escapees from Police Custody,0,0,0
Punjab,2001,Re-arrested escapees,0,0,0
Punjab,2002,Escapees from Inside Prison,4,0,4
Punjab,2002,Escapees from Outside Prison,2,0,2
Punjab,2002,Escapees from Police Custody,6,1,7
Punjab,2002,Re-arrested escapees,0,0,0
Punjab,2003,Escapees from Inside Prison,6,0,6
Punjab,2003,Escapees from Outside Prison,3,0,3
Punjab,2003,Escapees from Police Custody,5,2,7
Punjab,2003,Re-arrested escapees,0,0,0
Punjab,2004,Escapees from Inside Prison,3,0,3
Punjab,2004,Escapees from Outside Prison,1,0,1
Punjab,2004,Escapees from Police Custody,13,0,13
Punjab,2004,Re-arrested escapees,0,0,0
Punjab,2005,Escapees from Inside Prison,3,0,3
Punjab,2005,Escapees from Outside Prison,0,0,0
Punjab,2005,Escapees from Police Custody,20,0,20
Punjab,2005,Re-arrested escapees,0,0,0
Punjab,2006,Escapees from Inside Prison,14,0,14
Punjab,2006,Escapees from Outside Prison,0,0,0
Punjab,2006,Escapees from Police Custody,17,0,17
Punjab,2006,Re-arrested escapees,0,0,0
Punjab,2007,Escapees from Inside Prison,2,0,2
Punjab,2007,Escapees from Outside Prison,1,0,1
Punjab,2007,Escapees from Police Custody,33,0,33
Punjab,2007,Re-arrested escapees,0,0,0
Punjab,2008,Escapees from Inside Prison,3,0,3
Punjab,2008,Escapees from Outside Prison,2,0,2
Punjab,2008,Escapees from Police Custody,22,0,22
Punjab,2008,Re-arrested escapees,4,0,4
Punjab,2009,Escapees from Inside Prison,1,0,1
Punjab,2009,Escapees from Outside Prison,3,0,3
Punjab,2009,Escapees from Police Custody,17,0,17
Punjab,2009,Re-arrested escapees,0,0,0
Punjab,2010,Escapees from Inside Prison,9,0,9
Punjab,2010,Escapees from Outside Prison,7,0,7
Punjab,2010,Escapees from Police Custody,23,0,23
Punjab,2010,Re-arrested escapees,0,0,0
Punjab,2011,Escapees from Inside Prison,4,0,4
Punjab,2011,Escapees from Outside Prison,5,0,5
Punjab,2011,Escapees from Police Custody,38,0,38
Punjab,2011,Re-arrested escapees,9,0,9
Punjab,2012,Escapees from Inside Prison,11,0,11
Punjab,2012,Escapees from Outside Prison,7,0,7
Punjab,2012,Escapees from Police Custody,38,0,38
Punjab,2012,Re-arrested escapees,20,0,20
Rajasthan,2001,Escapees from Inside Prison,10,0,10
Rajasthan,2001,Escapees from Outside Prison,2,0,2
Rajasthan,2001,Escapees from Police Custody,30,0,30
Rajasthan,2001,Re-arrested escapees,20,0,20
Rajasthan,2002,Escapees from Inside Prison,19,0,19
Rajasthan,2002,Escapees from Outside Prison,1,0,1
Rajasthan,2002,Escapees from Police Custody,18,0,18
Rajasthan,2002,Re-arrested escapees,25,0,25
Rajasthan,2003,Escapees from Inside Prison,14,0,14
Rajasthan,2003,Escapees from Outside Prison,9,0,9
Rajasthan,2003,Escapees from Police Custody,22,0,22
Rajasthan,2003,Re-arrested escapees,19,0,19
Rajasthan,2004,Escapees from Inside Prison,26,0,26
Rajasthan,2004,Escapees from Outside Prison,0,0,0
Rajasthan,2004,Escapees from Police Custody,21,1,22
Rajasthan,2004,Re-arrested escapees,31,1,32
Rajasthan,2005,Escapees from Inside Prison,5,0,5
Rajasthan,2005,Escapees from Outside Prison,6,0,6
Rajasthan,2005,Escapees from Police Custody,30,0,30
Rajasthan,2005,Re-arrested escapees,17,0,17
Rajasthan,2006,Escapees from Inside Prison,11,0,11
Rajasthan,2006,Escapees from Outside Prison,3,0,3
Rajasthan,2006,Escapees from Police Custody,27,0,27
Rajasthan,2006,Re-arrested escapees,25,0,25
Rajasthan,2007,Escapees from Inside Prison,29,0,29
Rajasthan,2007,Escapees from Outside Prison,5,0,5
Rajasthan,2007,Escapees from Police Custody,32,0,32
Rajasthan,2007,Re-arrested escapees,31,0,31
Rajasthan,2008,Escapees from Inside Prison,12,0,12
Rajasthan,2008,Escapees from Outside Prison,0,0,0
Rajasthan,2008,Escapees from Police Custody,31,0,31
Rajasthan,2008,Re-arrested escapees,19,0,19
Rajasthan,2009,Escapees from Inside Prison,18,0,18
Rajasthan,2009,Escapees from Outside Prison,3,1,4
Rajasthan,2009,Escapees from Police Custody,23,0,23
Rajasthan,2009,Re-arrested escapees,19,1,20
Rajasthan,2010,Escapees from Inside Prison,30,0,30
Rajasthan,2010,Escapees from Outside Prison,0,0,0
Rajasthan,2010,Escapees from Police Custody,19,0,19
Rajasthan,2010,Re-arrested escapees,18,0,18
Rajasthan,2011,Escapees from Inside Prison,29,0,29
Rajasthan,2011,Escapees from Outside Prison,3,0,3
Rajasthan,2011,Escapees from Police Custody,21,0,21
Rajasthan,2011,Re-arrested escapees,32,0,32
Rajasthan,2012,Escapees from Inside Prison,21,0,21
Rajasthan,2012,Escapees from Outside Prison,5,0,5
Rajasthan,2012,Escapees from Police Custody,31,0,31
Rajasthan,2012,Re-arrested escapees,38,0,38
Sikkim,2001,Escapees from Inside Prison,0,0,0
Sikkim,2001,Escapees from Outside Prison,0,0,0
Sikkim,2001,Escapees from Police Custody,0,0,0
Sikkim,2001,Re-arrested escapees,0,0,0
Sikkim,2002,Escapees from Inside Prison,0,0,0
Sikkim,2002,Escapees from Outside Prison,0,0,0
Sikkim,2002,Escapees from Police Custody,0,0,0
Sikkim,2002,Re-arrested escapees,0,0,0
Sikkim,2003,Escapees from Inside Prison,0,0,0
Sikkim,2003,Escapees from Outside Prison,0,0,0
Sikkim,2003,Escapees from Police Custody,0,0,0
Sikkim,2003,Re-arrested escapees,0,0,0
Sikkim,2004,Escapees from Inside Prison,2,0,2
Sikkim,2004,Escapees from Outside Prison,0,0,0
Sikkim,2004,Escapees from Police Custody,0,0,0
Sikkim,2004,Re-arrested escapees,2,0,2
Sikkim,2005,Escapees from Inside Prison,0,0,0
Sikkim,2005,Escapees from Outside Prison,0,0,0
Sikkim,2005,Escapees from Police Custody,0,0,0
Sikkim,2005,Re-arrested escapees,0,0,0
Sikkim,2006,Escapees from Inside Prison,0,0,0
Sikkim,2006,Escapees from Outside Prison,1,0,1
Sikkim,2006,Escapees from Police Custody,0,0,0
Sikkim,2006,Re-arrested escapees,1,0,1
Sikkim,2007,Escapees from Inside Prison,0,0,0
Sikkim,2007,Escapees from Outside Prison,0,0,0
Sikkim,2007,Escapees from Police Custody,0,0,0
Sikkim,2007,Re-arrested escapees,0,0,0
Sikkim,2008,Escapees from Inside Prison,0,0,0
Sikkim,2008,Escapees from Outside Prison,1,0,1
Sikkim,2008,Escapees from Police Custody,0,0,0
Sikkim,2008,Re-arrested escapees,1,0,1
Sikkim,2009,Escapees from Inside Prison,0,0,0
Sikkim,2009,Escapees from Outside Prison,0,0,0
Sikkim,2009,Escapees from Police Custody,0,0,0
Sikkim,2009,Re-arrested escapees,0,0,0
Sikkim,2010,Escapees from Inside Prison,0,0,0
Sikkim,2010,Escapees from Outside Prison,0,0,0
Sikkim,2010,Escapees from Police Custody,1,0,1
Sikkim,2010,Re-arrested escapees,1,0,1
Sikkim,2011,Escapees from Inside Prison,0,0,0
Sikkim,2011,Escapees from Outside Prison,0,0,0
Sikkim,2011,Escapees from Police Custody,0,0,0
Sikkim,2011,Re-arrested escapees,0,0,0
Sikkim,2012,Escapees from Inside Prison,6,0,6
Sikkim,2012,Escapees from Outside Prison,0,0,0
Sikkim,2012,Escapees from Police Custody,0,0,0
Sikkim,2012,Re-arrested escapees,0,0,0
Tamilnadu,2001,Escapees from Inside Prison,10,0,10
Tamilnadu,2001,Escapees from Outside Prison,0,0,0
Tamilnadu,2001,Escapees from Police Custody,65,0,65
Tamilnadu,2001,Re-arrested escapees,46,0,46
Tamilnadu,2002,Escapees from Inside Prison,8,0,8
Tamilnadu,2002,Escapees from Outside Prison,1,2,3
Tamilnadu,2002,Escapees from Police Custody,48,0,48
Tamilnadu,2002,Re-arrested escapees,41,2,43
Tamilnadu,2003,Escapees from Inside Prison,9,0,9
Tamilnadu,2003,Escapees from Outside Prison,0,0,0
Tamilnadu,2003,Escapees from Police Custody,38,0,38
Tamilnadu,2003,Re-arrested escapees,0,0,0
Tamilnadu,2004,Escapees from Inside Prison,8,0,8
Tamilnadu,2004,Escapees from Outside Prison,0,0,0
Tamilnadu,2004,Escapees from Police Custody,34,0,34
Tamilnadu,2004,Re-arrested escapees,0,0,0
Tamilnadu,2005,Escapees from Inside Prison,3,1,4
Tamilnadu,2005,Escapees from Outside Prison,31,0,31
Tamilnadu,2005,Escapees from Police Custody,0,0,0
Tamilnadu,2005,Re-arrested escapees,0,0,0
Tamilnadu,2006,Escapees from Inside Prison,2,0,2
Tamilnadu,2006,Escapees from Outside Prison,0,0,0
Tamilnadu,2006,Escapees from Police Custody,24,0,24
Tamilnadu,2006,Re-arrested escapees,20,0,20
Tamilnadu,2007,Escapees from Inside Prison,6,1,7
Tamilnadu,2007,Escapees from Outside Prison,0,0,0
Tamilnadu,2007,Escapees from Police Custody,31,0,31
Tamilnadu,2007,Re-arrested escapees,25,0,25
Tamilnadu,2008,Escapees from Inside Prison,9,0,9
Tamilnadu,2008,Escapees from Outside Prison,8,0,8
Tamilnadu,2008,Escapees from Police Custody,23,0,23
Tamilnadu,2008,Re-arrested escapees,2,0,2
Tamilnadu,2009,Escapees from Inside Prison,4,0,4
Tamilnadu,2009,Escapees from Outside Prison,0,0,0
Tamilnadu,2009,Escapees from Police Custody,17,0,17
Tamilnadu,2009,Re-arrested escapees,0,0,0
Tamilnadu,2010,Escapees from Inside Prison,7,0,7
Tamilnadu,2010,Escapees from Outside Prison,0,0,0
Tamilnadu,2010,Escapees from Police Custody,10,0,10
Tamilnadu,2010,Re-arrested escapees,0,0,0
Tamilnadu,2011,Escapees from Inside Prison,7,0,7
Tamilnadu,2011,Escapees from Outside Prison,0,0,0
Tamilnadu,2011,Escapees from Police Custody,15,0,15
Tamilnadu,2011,Re-arrested escapees,19,0,19
Tamilnadu,2012,Escapees from Inside Prison,6,0,6
Tamilnadu,2012,Escapees from Outside Prison,0,0,0
Tamilnadu,2012,Escapees from Police Custody,12,0,12
Tamilnadu,2012,Re-arrested escapees,15,0,15
Tripura,2001,Escapees from Inside Prison,1,0,1
Tripura,2001,Escapees from Outside Prison,0,0,0
Tripura,2001,Escapees from Police Custody,0,0,0
Tripura,2001,Re-arrested escapees,0,0,0
Tripura,2002,Escapees from Inside Prison,0,0,0
Tripura,2002,Escapees from Outside Prison,0,0,0
Tripura,2002,Escapees from Police Custody,0,0,0
Tripura,2002,Re-arrested escapees,0,0,0
Tripura,2003,Escapees from Inside Prison,0,0,0
Tripura,2003,Escapees from Outside Prison,0,0,0
Tripura,2003,Escapees from Police Custody,0,0,0
Tripura,2003,Re-arrested escapees,0,0,0
Tripura,2004,Escapees from Inside Prison,1,0,1
Tripura,2004,Escapees from Outside Prison,0,0,0
Tripura,2004,Escapees from Police Custody,0,0,0
Tripura,2004,Re-arrested escapees,0,0,0
Tripura,2005,Escapees from Inside Prison,0,0,0
Tripura,2005,Escapees from Outside Prison,1,0,1
Tripura,2005,Escapees from Police Custody,1,0,1
Tripura,2005,Re-arrested escapees,0,0,0
Tripura,2006,Escapees from Inside Prison,12,0,12
Tripura,2006,Escapees from Outside Prison,0,0,0
Tripura,2006,Escapees from Police Custody,0,0,0
Tripura,2006,Re-arrested escapees,0,0,0
Tripura,2007,Escapees from Inside Prison,0,0,0
Tripura,2007,Escapees from Outside Prison,0,0,0
Tripura,2007,Escapees from Police Custody,0,0,0
Tripura,2007,Re-arrested escapees,0,0,0
Tripura,2008,Escapees from Inside Prison,0,0,0
Tripura,2008,Escapees from Outside Prison,0,0,0
Tripura,2008,Escapees from Police Custody,0,0,0
Tripura,2008,Re-arrested escapees,0,0,0
Tripura,2009,Escapees from Inside Prison,0,0,0
Tripura,2009,Escapees from Outside Prison,0,0,0
Tripura,2009,Escapees from Police Custody,2,0,2
Tripura,2009,Re-arrested escapees,2,0,2
Tripura,2010,Escapees from Inside Prison,0,0,0
Tripura,2010,Escapees from Outside Prison,0,0,0
Tripura,2010,Escapees from Police Custody,2,0,2
Tripura,2010,Re-arrested escapees,0,0,0
Tripura,2011,Escapees from Inside Prison,4,0,4
Tripura,2011,Escapees from Outside Prison,1,0,1
Tripura,2011,Escapees from Police Custody,1,0,1
Tripura,2011,Re-arrested escapees,0,0,0
Tripura,2012,Escapees from Inside Prison,0,0,0
Tripura,2012,Escapees from Outside Prison,0,0,0
Tripura,2012,Escapees from Police Custody,0,0,0
Tripura,2012,Re-arrested escapees,0,0,0
Uttar Pradesh,2001,Escapees from Inside Prison,11,0,11
Uttar Pradesh,2001,Escapees from Outside Prison,7,0,7
Uttar Pradesh,2001,Escapees from Police Custody,52,3,55
Uttar Pradesh,2001,Re-arrested escapees,13,0,13
Uttar Pradesh,2002,Escapees from Inside Prison,15,0,15
Uttar Pradesh,2002,Escapees from Outside Prison,9,0,9
Uttar Pradesh,2002,Escapees from Police Custody,76,1,77
Uttar Pradesh,2002,Re-arrested escapees,61,1,62
Uttar Pradesh,2003,Escapees from Inside Prison,35,0,35
Uttar Pradesh,2003,Escapees from Outside Prison,32,0,32
Uttar Pradesh,2003,Escapees from Police Custody,80,1,81
Uttar Pradesh,2003,Re-arrested escapees,0,0,0
Uttar Pradesh,2004,Escapees from Inside Prison,1,0,1
Uttar Pradesh,2004,Escapees from Outside Prison,6,0,6
Uttar Pradesh,2004,Escapees from Police Custody,64,0,64
Uttar Pradesh,2004,Re-arrested escapees,55,0,55
Uttar Pradesh,2005,Escapees from Inside Prison,14,0,14
Uttar Pradesh,2005,Escapees from Outside Prison,3,0,3
Uttar Pradesh,2005,Escapees from Police Custody,54,1,55
Uttar Pradesh,2005,Re-arrested escapees,42,0,42
Uttar Pradesh,2006,Escapees from Inside Prison,13,0,13
Uttar Pradesh,2006,Escapees from Outside Prison,5,0,5
Uttar Pradesh,2006,Escapees from Police Custody,59,1,60
Uttar Pradesh,2006,Re-arrested escapees,62,1,63
Uttar Pradesh,2007,Escapees from Inside Prison,13,0,13
Uttar Pradesh,2007,Escapees from Outside Prison,4,0,4
Uttar Pradesh,2007,Escapees from Police Custody,50,1,51
Uttar Pradesh,2007,Re-arrested escapees,43,1,44
Uttar Pradesh,2008,Escapees from Inside Prison,10,0,10
Uttar Pradesh,2008,Escapees from Outside Prison,29,0,29
Uttar Pradesh,2008,Escapees from Police Custody,68,1,69
Uttar Pradesh,2008,Re-arrested escapees,41,2,43
Uttar Pradesh,2009,Escapees from Inside Prison,12,0,12
Uttar Pradesh,2009,Escapees from Outside Prison,0,0,0
Uttar Pradesh,2009,Escapees from Police Custody,78,1,79
Uttar Pradesh,2009,Re-arrested escapees,18,0,18
Uttar Pradesh,2010,Escapees from Inside Prison,21,0,21
Uttar Pradesh,2010,Escapees from Outside Prison,0,0,0
Uttar Pradesh,2010,Escapees from Police Custody,45,0,45
Uttar Pradesh,2010,Re-arrested escapees,18,0,18
Uttar Pradesh,2011,Escapees from Inside Prison,11,0,11
Uttar Pradesh,2011,Escapees from Outside Prison,0,0,0
Uttar Pradesh,2011,Escapees from Police Custody,45,0,45
Uttar Pradesh,2011,Re-arrested escapees,11,0,11
Uttar Pradesh,2012,Escapees from Inside Prison,8,0,8
Uttar Pradesh,2012,Escapees from Outside Prison,0,0,0
Uttar Pradesh,2012,Escapees from Police Custody,41,0,41
Uttar Pradesh,2012,Re-arrested escapees,6,0,6
Uttaranchal,2001,Escapees from Inside Prison,0,0,0
Uttaranchal,2001,Escapees from Outside Prison,1,0,1
Uttaranchal,2001,Escapees from Police Custody,5,0,5
Uttaranchal,2001,Re-arrested escapees,0,0,0
Uttaranchal,2002,Escapees from Inside Prison,2,0,2
Uttaranchal,2002,Escapees from Outside Prison,1,0,1
Uttaranchal,2002,Escapees from Police Custody,3,0,3
Uttaranchal,2002,Re-arrested escapees,2,0,2
Uttaranchal,2003,Escapees from Inside Prison,0,0,0
Uttaranchal,2003,Escapees from Outside Prison,2,0,2
Uttaranchal,2003,Escapees from Police Custody,3,0,3
Uttaranchal,2003,Re-arrested escapees,1,0,1
Uttaranchal,2004,Escapees from Inside Prison,0,0,0
Uttaranchal,2004,Escapees from Outside Prison,0,0,0
Uttaranchal,2004,Escapees from Police Custody,6,0,6
Uttaranchal,2004,Re-arrested escapees,0,0,0
Uttaranchal,2005,Escapees from Inside Prison,0,0,0
Uttaranchal,2005,Escapees from Outside Prison,8,0,8
Uttaranchal,2005,Escapees from Police Custody,0,0,0
Uttaranchal,2005,Re-arrested escapees,0,0,0
Uttaranchal,2006,Escapees from Inside Prison,3,0,3
Uttaranchal,2006,Escapees from Outside Prison,5,0,5
Uttaranchal,2006,Escapees from Police Custody,6,0,6
Uttaranchal,2006,Re-arrested escapees,0,0,0
Uttaranchal,2007,Escapees from Inside Prison,0,0,0
Uttaranchal,2007,Escapees from Outside Prison,0,0,0
Uttaranchal,2007,Escapees from Police Custody,2,0,2
Uttaranchal,2007,Re-arrested escapees,0,0,0
Uttaranchal,2008,Escapees from Inside Prison,0,0,0
Uttaranchal,2008,Escapees from Outside Prison,1,0,1
Uttaranchal,2008,Escapees from Police Custody,4,0,4
Uttaranchal,2008,Re-arrested escapees,0,0,0
Uttaranchal,2009,Escapees from Inside Prison,1,0,1
Uttaranchal,2009,Escapees from Outside Prison,0,0,0
Uttaranchal,2009,Escapees from Police Custody,3,0,3
Uttaranchal,2009,Re-arrested escapees,0,0,0
Uttaranchal,2010,Escapees from Inside Prison,0,0,0
Uttaranchal,2010,Escapees from Outside Prison,3,0,3
Uttaranchal,2010,Escapees from Police Custody,0,0,0
Uttaranchal,2010,Re-arrested escapees,2,0,2
Uttaranchal,2011,Escapees from Inside Prison,2,0,2
Uttaranchal,2011,Escapees from Outside Prison,2,0,2
Uttaranchal,2011,Escapees from Police Custody,1,0,1
Uttaranchal,2011,Re-arrested escapees,1,0,1
Uttaranchal,2012,Escapees from Inside Prison,0,0,0
Uttaranchal,2012,Escapees from Outside Prison,0,0,0
Uttaranchal,2012,Escapees from Police Custody,0,0,0
Uttaranchal,2012,Re-arrested escapees,1,0,1
West Bengal,2001,Escapees from Inside Prison,4,0,4
West Bengal,2001,Escapees from Outside Prison,4,1,5
West Bengal,2001,Escapees from Police Custody,3,0,3
West Bengal,2001,Re-arrested escapees,0,0,0
West Bengal,2002,Escapees from Inside Prison,8,0,8
West Bengal,2002,Escapees from Outside Prison,3,0,3
West Bengal,2002,Escapees from Police Custody,1,1,2
West Bengal,2002,Re-arrested escapees,0,0,0
West Bengal,2003,Escapees from Inside Prison,13,0,13
West Bengal,2003,Escapees from Outside Prison,0,0,0
West Bengal,2003,Escapees from Police Custody,4,0,4
West Bengal,2003,Re-arrested escapees,0,0,0
West Bengal,2004,Escapees from Inside Prison,3,0,3
West Bengal,2004,Escapees from Outside Prison,1,0,1
West Bengal,2004,Escapees from Police Custody,2,0,2
West Bengal,2004,Re-arrested escapees,0,0,0
West Bengal,2005,Escapees from Inside Prison,0,0,0
West Bengal,2005,Escapees from Outside Prison,1,0,1
West Bengal,2005,Escapees from Police Custody,0,0,0
West Bengal,2005,Re-arrested escapees,1,0,1
West Bengal,2006,Escapees from Inside Prison,1,0,1
West Bengal,2006,Escapees from Outside Prison,3,0,3
West Bengal,2006,Escapees from Police Custody,2,0,2
West Bengal,2006,Re-arrested escapees,1,0,1
West Bengal,2007,Escapees from Inside Prison,4,0,4
West Bengal,2007,Escapees from Outside Prison,2,1,3
West Bengal,2007,Escapees from Police Custody,5,0,5
West Bengal,2007,Re-arrested escapees,1,1,2
West Bengal,2008,Escapees from Inside Prison,6,0,6
West Bengal,2008,Escapees from Outside Prison,8,2,10
West Bengal,2008,Escapees from Police Custody,2,0,2
West Bengal,2008,Re-arrested escapees,0,0,0
West Bengal,2009,Escapees from Inside Prison,1,0,1
West Bengal,2009,Escapees from Outside Prison,13,2,15
West Bengal,2009,Escapees from Police Custody,2,0,2
West Bengal,2009,Re-arrested escapees,4,0,4
West Bengal,2010,Escapees from Inside Prison,4,0,4
West Bengal,2010,Escapees from Outside Prison,5,1,6
West Bengal,2010,Escapees from Police Custody,0,0,0
West Bengal,2010,Re-arrested escapees,0,0,0
West Bengal,2011,Escapees from Inside Prison,3,0,3
West Bengal,2011,Escapees from Outside Prison,0,0,0
West Bengal,2011,Escapees from Police Custody,13,0,13
West Bengal,2011,Re-arrested escapees,1,0,1
West Bengal,2012,Escapees from Inside Prison,5,0,5
West Bengal,2012,Escapees from Outside Prison,0,0,0
West Bengal,2012,Escapees from Police Custody,7,0,7
West Bengal,2012,Re-arrested escapees,3,0,3
A & N Islands,2001,Escapees from Inside Prison,0,0,0
A & N Islands,2001,Escapees from Outside Prison,0,0,0
A & N Islands,2001,Escapees from Police Custody,0,0,0
A & N Islands,2001,Re-arrested escapees,0,0,0
A & N Islands,2002,Escapees from Inside Prison,0,0,0
A & N Islands,2002,Escapees from Outside Prison,0,0,0
A & N Islands,2002,Escapees from Police Custody,0,0,0
A & N Islands,2002,Re-arrested escapees,0,0,0
A & N Islands,2003,Escapees from Inside Prison,0,0,0
A & N Islands,2003,Escapees from Outside Prison,0,0,0
A & N Islands,2003,Escapees from Police Custody,0,0,0
A & N Islands,2003,Re-arrested escapees,0,0,0
A & N Islands,2004,Escapees from Inside Prison,0,0,0
A & N Islands,2004,Escapees from Outside Prison,0,0,0
A & N Islands,2004,Escapees from Police Custody,0,0,0
A & N Islands,2004,Re-arrested escapees,0,0,0
A & N Islands,2005,Escapees from Inside Prison,0,0,0
A & N Islands,2005,Escapees from Outside Prison,0,0,0
A & N Islands,2005,Escapees from Police Custody,0,0,0
A & N Islands,2005,Re-arrested escapees,0,0,0
A & N Islands,2006,Escapees from Inside Prison,0,0,0
A & N Islands,2006,Escapees from Outside Prison,0,0,0
A & N Islands,2006,Escapees from Police Custody,0,0,0
A & N Islands,2006,Re-arrested escapees,0,0,0
A & N Islands,2007,Escapees from Inside Prison,0,0,0
A & N Islands,2007,Escapees from Outside Prison,0,0,0
A & N Islands,2007,Escapees from Police Custody,0,0,0
A & N Islands,2007,Re-arrested escapees,0,0,0
A & N Islands,2008,Escapees from Inside Prison,0,0,0
A & N Islands,2008,Escapees from Outside Prison,0,0,0
A & N Islands,2008,Escapees from Police Custody,0,0,0
A & N Islands,2008,Re-arrested escapees,0,0,0
A & N Islands,2009,Escapees from Inside Prison,0,0,0
A & N Islands,2009,Escapees from Outside Prison,0,0,0
A & N Islands,2009,Escapees from Police Custody,0,0,0
A & N Islands,2009,Re-arrested escapees,0,0,0
A & N Islands,2010,Escapees from Inside Prison,0,0,0
A & N Islands,2010,Escapees from Outside Prison,0,0,0
A & N Islands,2010,Escapees from Police Custody,3,0,3
A & N Islands,2010,Re-arrested escapees,3,0,3
A & N Islands,2011,Escapees from Inside Prison,0,0,0
A & N Islands,2011,Escapees from Outside Prison,0,0,0
A & N Islands,2011,Escapees from Police Custody,0,0,0
A & N Islands,2011,Re-arrested escapees,0,0,0
A & N Islands,2012,Escapees from Inside Prison,0,0,0
A & N Islands,2012,Escapees from Outside Prison,0,0,0
A & N Islands,2012,Escapees from Police Custody,0,0,0
A & N Islands,2012,Re-arrested escapees,0,0,0
Chandigarh,2001,Escapees from Inside Prison,0,0,0
Chandigarh,2001,Escapees from Outside Prison,0,0,0
Chandigarh,2001,Escapees from Police Custody,1,0,1
Chandigarh,2001,Re-arrested escapees,0,0,0
Chandigarh,2002,Escapees from Inside Prison,0,0,0
Chandigarh,2002,Escapees from Outside Prison,1,0,1
Chandigarh,2002,Escapees from Police Custody,2,0,2
Chandigarh,2002,Re-arrested escapees,1,0,1
Chandigarh,2003,Escapees from Inside Prison,0,0,0
Chandigarh,2003,Escapees from Outside Prison,0,0,0
Chandigarh,2003,Escapees from Police Custody,2,0,2
Chandigarh,2003,Re-arrested escapees,0,0,0
Chandigarh,2004,Escapees from Inside Prison,4,0,4
Chandigarh,2004,Escapees from Outside Prison,0,0,0
Chandigarh,2004,Escapees from Police Custody,2,0,2
Chandigarh,2004,Re-arrested escapees,2,0,2
Chandigarh,2005,Escapees from Inside Prison,0,0,0
Chandigarh,2005,Escapees from Outside Prison,0,0,0
Chandigarh,2005,Escapees from Police Custody,1,0,1
Chandigarh,2005,Re-arrested escapees,2,0,2
Chandigarh,2006,Escapees from Inside Prison,0,0,0
Chandigarh,2006,Escapees from Outside Prison,0,0,0
Chandigarh,2006,Escapees from Police Custody,1,0,1
Chandigarh,2006,Re-arrested escapees,0,0,0
Chandigarh,2007,Escapees from Inside Prison,0,0,0
Chandigarh,2007,Escapees from Outside Prison,0,0,0
Chandigarh,2007,Escapees from Police Custody,0,0,0
Chandigarh,2007,Re-arrested escapees,0,0,0
Chandigarh,2008,Escapees from Inside Prison,0,0,0
Chandigarh,2008,Escapees from Outside Prison,0,0,0
Chandigarh,2008,Escapees from Police Custody,0,0,0
Chandigarh,2008,Re-arrested escapees,0,0,0
Chandigarh,2009,Escapees from Inside Prison,0,0,0
Chandigarh,2009,Escapees from Outside Prison,0,0,0
Chandigarh,2009,Escapees from Police Custody,0,0,0
Chandigarh,2009,Re-arrested escapees,0,0,0
Chandigarh,2010,Escapees from Inside Prison,0,0,0
Chandigarh,2010,Escapees from Outside Prison,0,0,0
Chandigarh,2010,Escapees from Police Custody,0,0,0
Chandigarh,2010,Re-arrested escapees,0,0,0
Chandigarh,2011,Escapees from Inside Prison,0,0,0
Chandigarh,2011,Escapees from Outside Prison,0,0,0
Chandigarh,2011,Escapees from Police Custody,1,0,1
Chandigarh,2011,Re-arrested escapees,0,0,0
Chandigarh,2012,Escapees from Inside Prison,0,0,0
Chandigarh,2012,Escapees from Outside Prison,0,0,0
Chandigarh,2012,Escapees from Police Custody,1,0,1
Chandigarh,2012,Re-arrested escapees,1,0,1
D & N Haveli,2001,Escapees from Inside Prison,0,0,0
D & N Haveli,2001,Escapees from Outside Prison,0,0,0
D & N Haveli,2001,Escapees from Police Custody,0,0,0
D & N Haveli,2001,Re-arrested escapees,0,0,0
D & N Haveli,2002,Escapees from Inside Prison,0,0,0
D & N Haveli,2002,Escapees from Outside Prison,0,0,0
D & N Haveli,2002,Escapees from Police Custody,0,0,0
D & N Haveli,2002,Re-arrested escapees,0,0,0
D & N Haveli,2003,Escapees from Inside Prison,0,0,0
D & N Haveli,2003,Escapees from Outside Prison,1,0,1
D & N Haveli,2003,Escapees from Police Custody,0,0,0
D & N Haveli,2003,Re-arrested escapees,0,0,0
D & N Haveli,2004,Escapees from Inside Prison,0,0,0
D & N Haveli,2004,Escapees from Outside Prison,0,0,0
D & N Haveli,2004,Escapees from Police Custody,0,0,0
D & N Haveli,2004,Re-arrested escapees,0,0,0
D & N Haveli,2005,Escapees from Inside Prison,0,0,0
D & N Haveli,2005,Escapees from Outside Prison,0,0,0
D & N Haveli,2005,Escapees from Police Custody,0,0,0
D & N Haveli,2005,Re-arrested escapees,0,0,0
D & N Haveli,2006,Escapees from Inside Prison,0,0,0
D & N Haveli,2006,Escapees from Outside Prison,0,0,0
D & N Haveli,2006,Escapees from Police Custody,0,0,0
D & N Haveli,2006,Re-arrested escapees,0,0,0
D & N Haveli,2007,Escapees from Inside Prison,0,0,0
D & N Haveli,2007,Escapees from Outside Prison,0,0,0
D & N Haveli,2007,Escapees from Police Custody,0,0,0
D & N Haveli,2007,Re-arrested escapees,0,0,0
D & N Haveli,2008,Escapees from Inside Prison,0,0,0
D & N Haveli,2008,Escapees from Outside Prison,0,0,0
D & N Haveli,2008,Escapees from Police Custody,0,0,0
D & N Haveli,2008,Re-arrested escapees,0,0,0
D & N Haveli,2009,Escapees from Inside Prison,0,0,0
D & N Haveli,2009,Escapees from Outside Prison,0,0,0
D & N Haveli,2009,Escapees from Police Custody,0,0,0
D & N Haveli,2009,Re-arrested escapees,0,0,0
D & N Haveli,2010,Escapees from Inside Prison,0,0,0
D & N Haveli,2010,Escapees from Outside Prison,0,0,0
D & N Haveli,2010,Escapees from Police Custody,0,0,0
D & N Haveli,2010,Re-arrested escapees,0,0,0
D & N Haveli,2011,Escapees from Inside Prison,0,0,0
D & N Haveli,2011,Escapees from Outside Prison,0,0,0
D & N Haveli,2011,Escapees from Police Custody,0,0,0
D & N Haveli,2011,Re-arrested escapees,0,0,0
D & N Haveli,2012,Escapees from Inside Prison,0,0,0
D & N Haveli,2012,Escapees from Outside Prison,0,0,0
D & N Haveli,2012,Escapees from Police Custody,0,0,0
D & N Haveli,2012,Re-arrested escapees,0,0,0
Daman & Diu,2001,Escapees from Inside Prison,0,0,0
Daman & Diu,2001,Escapees from Outside Prison,0,0,0
Daman & Diu,2001,Escapees from Police Custody,0,0,0
Daman & Diu,2001,Re-arrested escapees,0,0,0
Daman & Diu,2002,Escapees from Inside Prison,0,0,0
Daman & Diu,2002,Escapees from Outside Prison,0,0,0
Daman & Diu,2002,Escapees from Police Custody,0,0,0
Daman & Diu,2002,Re-arrested escapees,0,0,0
Daman & Diu,2003,Escapees from Inside Prison,0,0,0
Daman & Diu,2003,Escapees from Outside Prison,0,0,0
Daman & Diu,2003,Escapees from Police Custody,0,0,0
Daman & Diu,2003,Re-arrested escapees,0,0,0
Daman & Diu,2004,Escapees from Inside Prison,0,0,0
Daman & Diu,2004,Escapees from Outside Prison,0,0,0
Daman & Diu,2004,Escapees from Police Custody,0,0,0
Daman & Diu,2004,Re-arrested escapees,0,0,0
Daman & Diu,2005,Escapees from Inside Prison,0,0,0
Daman & Diu,2005,Escapees from Outside Prison,0,0,0
Daman & Diu,2005,Escapees from Police Custody,0,0,0
Daman & Diu,2005,Re-arrested escapees,0,0,0
Daman & Diu,2006,Escapees from Inside Prison,0,0,0
Daman & Diu,2006,Escapees from Outside Prison,0,0,0
Daman & Diu,2006,Escapees from Police Custody,0,0,0
Daman & Diu,2006,Re-arrested escapees,0,0,0
Daman & Diu,2007,Escapees from Inside Prison,0,0,0
Daman & Diu,2007,Escapees from Outside Prison,0,0,0
Daman & Diu,2007,Escapees from Police Custody,0,0,0
Daman & Diu,2007,Re-arrested escapees,0,0,0
Daman & Diu,2008,Escapees from Inside Prison,0,0,0
Daman & Diu,2008,Escapees from Outside Prison,0,0,0
Daman & Diu,2008,Escapees from Police Custody,0,0,0
Daman & Diu,2008,Re-arrested escapees,0,0,0
Daman & Diu,2009,Escapees from Inside Prison,0,0,0
Daman & Diu,2009,Escapees from Outside Prison,0,0,0
Daman & Diu,2009,Escapees from Police Custody,0,0,0
Daman & Diu,2009,Re-arrested escapees,0,0,0
Daman & Diu,2010,Escapees from Inside Prison,0,0,0
Daman & Diu,2010,Escapees from Outside Prison,0,0,0
Daman & Diu,2010,Escapees from Police Custody,0,0,0
Daman & Diu,2010,Re-arrested escapees,0,0,0
Daman & Diu,2011,Escapees from Inside Prison,0,0,0
Daman & Diu,2011,Escapees from Outside Prison,0,0,0
Daman & Diu,2011,Escapees from Police Custody,0,0,0
Daman & Diu,2011,Re-arrested escapees,0,0,0
Daman & Diu,2012,Escapees from Inside Prison,0,0,0
Daman & Diu,2012,Escapees from Outside Prison,0,0,0
Daman & Diu,2012,Escapees from Police Custody,0,0,0
Daman & Diu,2012,Re-arrested escapees,0,0,0
Delhi,2001,Escapees from Inside Prison,1,0,1
Delhi,2001,Escapees from Outside Prison,0,0,0
Delhi,2001,Escapees from Police Custody,1,0,1
Delhi,2001,Re-arrested escapees,0,0,0
Delhi,2002,Escapees from Inside Prison,0,0,0
Delhi,2002,Escapees from Outside Prison,0,0,0
Delhi,2002,Escapees from Police Custody,1,0,1
Delhi,2002,Re-arrested escapees,0,0,0
Delhi,2003,Escapees from Inside Prison,0,0,0
Delhi,2003,Escapees from Outside Prison,0,0,0
Delhi,2003,Escapees from Police Custody,2,0,2
Delhi,2003,Re-arrested escapees,0,0,0
Delhi,2004,Escapees from Inside Prison,1,0,1
Delhi,2004,Escapees from Outside Prison,2,0,2
Delhi,2004,Escapees from Police Custody,5,0,5
Delhi,2004,Re-arrested escapees,0,0,0
Delhi,2005,Escapees from Inside Prison,0,0,0
Delhi,2005,Escapees from Outside Prison,2,0,2
Delhi,2005,Escapees from Police Custody,14,0,14
Delhi,2005,Re-arrested escapees,10,0,10
Delhi,2006,Escapees from Inside Prison,0,0,0
Delhi,2006,Escapees from Outside Prison,0,0,0
Delhi,2006,Escapees from Police Custody,0,0,0
Delhi,2006,Re-arrested escapees,1,0,1
Delhi,2007,Escapees from Inside Prison,0,0,0
Delhi,2007,Escapees from Outside Prison,0,0,0
Delhi,2007,Escapees from Police Custody,4,1,5
Delhi,2007,Re-arrested escapees,0,0,0
Delhi,2008,Escapees from Inside Prison,0,0,0
Delhi,2008,Escapees from Outside Prison,0,0,0
Delhi,2008,Escapees from Police Custody,1,0,1
Delhi,2008,Re-arrested escapees,0,0,0
Delhi,2009,Escapees from Inside Prison,0,0,0
Delhi,2009,Escapees from Outside Prison,0,0,0
Delhi,2009,Escapees from Police Custody,1,0,1
Delhi,2009,Re-arrested escapees,1,0,1
Delhi,2010,Escapees from Inside Prison,0,0,0
Delhi,2010,Escapees from Outside Prison,0,0,0
Delhi,2010,Escapees from Police Custody,0,0,0
Delhi,2010,Re-arrested escapees,0,0,0
Delhi,2011,Escapees from Inside Prison,0,0,0
Delhi,2011,Escapees from Outside Prison,0,0,0
Delhi,2011,Escapees from Police Custody,1,0,1
Delhi,2011,Re-arrested escapees,0,0,0
Delhi,2012,Escapees from Inside Prison,0,0,0
Delhi,2012,Escapees from Outside Prison,0,0,0
Delhi,2012,Escapees from Police Custody,3,0,3
Delhi,2012,Re-arrested escapees,1,0,1
Lakshadweep,2001,Escapees from Inside Prison,0,0,0
Lakshadweep,2001,Escapees from Outside Prison,0,0,0
Lakshadweep,2001,Escapees from Police Custody,0,0,0
Lakshadweep,2001,Re-arrested escapees,0,0,0
Lakshadweep,2002,Escapees from Inside Prison,0,0,0
Lakshadweep,2002,Escapees from Outside Prison,0,0,0
Lakshadweep,2002,Escapees from Police Custody,0,0,0
Lakshadweep,2002,Re-arrested escapees,0,0,0
Lakshadweep,2003,Escapees from Inside Prison,0,0,0
Lakshadweep,2003,Escapees from Outside Prison,0,0,0
Lakshadweep,2003,Escapees from Police Custody,0,0,0
Lakshadweep,2003,Re-arrested escapees,0,0,0
Lakshadweep,2004,Escapees from Inside Prison,0,0,0
Lakshadweep,2004,Escapees from Outside Prison,0,0,0
Lakshadweep,2004,Escapees from Police Custody,0,0,0
Lakshadweep,2004,Re-arrested escapees,0,0,0
Lakshadweep,2005,Escapees from Inside Prison,0,0,0
Lakshadweep,2005,Escapees from Outside Prison,0,0,0
Lakshadweep,2005,Escapees from Police Custody,0,0,0
Lakshadweep,2005,Re-arrested escapees,0,0,0
Lakshadweep,2006,Escapees from Inside Prison,0,0,0
Lakshadweep,2006,Escapees from Outside Prison,0,0,0
Lakshadweep,2006,Escapees from Police Custody,0,0,0
Lakshadweep,2006,Re-arrested escapees,0,0,0
Lakshadweep,2007,Escapees from Inside Prison,0,0,0
Lakshadweep,2007,Escapees from Outside Prison,0,0,0
Lakshadweep,2007,Escapees from Police Custody,0,0,0
Lakshadweep,2007,Re-arrested escapees,0,0,0
Lakshadweep,2008,Escapees from Inside Prison,0,0,0
Lakshadweep,2008,Escapees from Outside Prison,0,0,0
Lakshadweep,2008,Escapees from Police Custody,0,0,0
Lakshadweep,2008,Re-arrested escapees,0,0,0
Lakshadweep,2009,Escapees from Inside Prison,0,0,0
Lakshadweep,2009,Escapees from Outside Prison,0,0,0
Lakshadweep,2009,Escapees from Police Custody,0,0,0
Lakshadweep,2009,Re-arrested escapees,0,0,0
Lakshadweep,2010,Escapees from Inside Prison,0,0,0
Lakshadweep,2010,Escapees from Outside Prison,0,0,0
Lakshadweep,2010,Escapees from Police Custody,0,0,0
Lakshadweep,2010,Re-arrested escapees,0,0,0
Lakshadweep,2011,Escapees from Inside Prison,0,0,0
Lakshadweep,2011,Escapees from Outside Prison,0,0,0
Lakshadweep,2011,Escapees from Police Custody,0,0,0
Lakshadweep,2011,Re-arrested escapees,0,0,0
Lakshadweep,2012,Escapees from Inside Prison,0,0,0
Lakshadweep,2012,Escapees from Outside Prison,0,0,0
Lakshadweep,2012,Escapees from Police Custody,0,0,0
Lakshadweep,2012,Re-arrested escapees,0,0,0
Pondicherry,2001,Escapees from Inside Prison,1,0,1
Pondicherry,2001,Escapees from Outside Prison,0,0,0
Pondicherry,2001,Escapees from Police Custody,0,0,0
Pondicherry,2001,Re-arrested escapees,0,0,0
Pondicherry,2002,Escapees from Inside Prison,1,0,1
Pondicherry,2002,Escapees from Outside Prison,0,0,0
Pondicherry,2002,Escapees from Police Custody,0,0,0
Pondicherry,2002,Re-arrested escapees,0,0,0
Pondicherry,2003,Escapees from Inside Prison,1,0,1
Pondicherry,2003,Escapees from Outside Prison,0,0,0
Pondicherry,2003,Escapees from Police Custody,0,0,0
Pondicherry,2003,Re-arrested escapees,0,0,0
Pondicherry,2004,Escapees from Inside Prison,1,0,1
Pondicherry,2004,Escapees from Outside Prison,0,0,0
Pondicherry,2004,Escapees from Police Custody,0,0,0
Pondicherry,2004,Re-arrested escapees,0,0,0
Pondicherry,2005,Escapees from Inside Prison,0,0,0
Pondicherry,2005,Escapees from Outside Prison,0,0,0
Pondicherry,2005,Escapees from Police Custody,0,0,0
Pondicherry,2005,Re-arrested escapees,0,0,0
Pondicherry,2006,Escapees from Inside Prison,0,0,0
Pondicherry,2006,Escapees from Outside Prison,0,0,0
Pondicherry,2006,Escapees from Police Custody,0,0,0
Pondicherry,2006,Re-arrested escapees,0,0,0
Pondicherry,2007,Escapees from Inside Prison,0,0,0
Pondicherry,2007,Escapees from Outside Prison,0,0,0
Pondicherry,2007,Escapees from Police Custody,0,0,0
Pondicherry,2007,Re-arrested escapees,0,0,0
Pondicherry,2008,Escapees from Inside Prison,0,0,0
Pondicherry,2008,Escapees from Outside Prison,0,0,0
Pondicherry,2008,Escapees from Police Custody,0,0,0
Pondicherry,2008,Re-arrested escapees,0,0,0
Pondicherry,2009,Escapees from Inside Prison,0,0,0
Pondicherry,2009,Escapees from Outside Prison,0,0,0
Pondicherry,2009,Escapees from Police Custody,0,0,0
Pondicherry,2009,Re-arrested escapees,0,0,0
Pondicherry,2010,Escapees from Inside Prison,0,0,0
Pondicherry,2010,Escapees from Outside Prison,0,0,0
Pondicherry,2010,Escapees from Police Custody,0,0,0
Pondicherry,2010,Re-arrested escapees,0,0,0
Pondicherry,2011,Escapees from Inside Prison,0,0,0
Pondicherry,2011,Escapees from Outside Prison,0,0,0
Pondicherry,2011,Escapees from Police Custody,0,0,0
Pondicherry,2011,Re-arrested escapees,0,0,0
Pondicherry,2012,Escapees from Inside Prison,0,0,0
Pondicherry,2012,Escapees from Outside Prison,0,0,0
Pondicherry,2012,Escapees from Police Custody,0,0,0
Pondicherry,2012,Re-arrested escapees,0,0,0
Andhra Pradesh,2013,Escapees from Inside Prison,4,0,4
Andhra Pradesh,2013,Escapees from Outside Prison,8,0,8
Andhra Pradesh,2013,Escapees from Police Custody,27,0,27
Andhra Pradesh,2013,Re-arrested escapees,0,0,0
Arunachal Pradesh,2013,Escapees from Inside Prison,0,0,0
Arunachal Pradesh,2013,Escapees from Outside Prison,0,0,0
Arunachal Pradesh,2013,Escapees from Police Custody,0,0,0
Arunachal Pradesh,2013,Re-arrested escapees,0,0,0
Assam,2013,Escapees from Inside Prison,8,0,8
Assam,2013,Escapees from Outside Prison,4,0,4
Assam,2013,Escapees from Police Custody,7,0,7
Assam,2013,Re-arrested escapees,3,0,3
Bihar,2013,Escapees from Inside Prison,4,0,4
Bihar,2013,Escapees from Outside Prison,8,0,8
Bihar,2013,Escapees from Police Custody,3,0,3
Bihar,2013,Re-arrested escapees,1,0,1
Chhatisgarh,2013,Escapees from Inside Prison,0,0,0
Chhatisgarh,2013,Escapees from Outside Prison,4,0,4
Chhatisgarh,2013,Escapees from Police Custody,6,0,6
Chhatisgarh,2013,Re-arrested escapees,1,0,1
Goa,2013,Escapees from Inside Prison,1,0,1
Goa,2013,Escapees from Outside Prison,0,0,0
Goa,2013,Escapees from Police Custody,0,0,0
Goa,2013,Re-arrested escapees,0,0,0
Gujarat,2013,Escapees from Inside Prison,3,0,3
Gujarat,2013,Escapees from Outside Prison,9,0,9
Gujarat,2013,Escapees from Police Custody,7,0,7
Gujarat,2013,Re-arrested escapees,16,0,16
Haryana,2013,Escapees from Inside Prison,0,0,0
Haryana,2013,Escapees from Outside Prison,1,0,1
Haryana,2013,Escapees from Police Custody,6,0,6
Haryana,2013,Re-arrested escapees,2,0,2
Himachal Pradesh,2013,Escapees from Inside Prison,0,0,0
Himachal Pradesh,2013,Escapees from Outside Prison,3,0,3
Himachal Pradesh,2013,Escapees from Police Custody,7,0,7
Himachal Pradesh,2013,Re-arrested escapees,6,0,6
Jammu & Kashmir,2013,Escapees from Inside Prison,0,0,0
Jammu & Kashmir,2013,Escapees from Outside Prison,0,0,0
Jammu & Kashmir,2013,Escapees from Police Custody,2,0,2
Jammu & Kashmir,2013,Re-arrested escapees,0,0,0
Jharkhand,2013,Escapees from Inside Prison,1,0,1
Jharkhand,2013,Escapees from Outside Prison,0,0,0
Jharkhand,2013,Escapees from Police Custody,0,0,0
Jharkhand,2013,Re-arrested escapees,0,0,0
Karnataka,2013,Escapees from Inside Prison,5,0,5
Karnataka,2013,Escapees from Outside Prison,0,0,0
Karnataka,2013,Escapees from Police Custody,4,0,4
Karnataka,2013,Re-arrested escapees,0,0,0
Kerala,2013,Escapees from Inside Prison,4,0,4
Kerala,2013,Escapees from Outside Prison,0,0,0
Kerala,2013,Escapees from Police Custody,9,0,9
Kerala,2013,Re-arrested escapees,5,0,5
Madhya Pradesh,2013,Escapees from Inside Prison,16,0,16
Madhya Pradesh,2013,Escapees from Outside Prison,4,0,4
Madhya Pradesh,2013,Escapees from Police Custody,13,0,13
Madhya Pradesh,2013,Re-arrested escapees,14,0,14
Maharashtra,2013,Escapees from Inside Prison,7,0,7
Maharashtra,2013,Escapees from Outside Prison,3,0,3
Maharashtra,2013,Escapees from Police Custody,15,0,15
Maharashtra,2013,Re-arrested escapees,9,0,9
Manipur,2013,Escapees from Inside Prison,0,0,0
Manipur,2013,Escapees from Outside Prison,0,0,0
Manipur,2013,Escapees from Police Custody,0,0,0
Manipur,2013,Re-arrested escapees,0,0,0
Meghalaya,2013,Escapees from Inside Prison,1,0,1
Meghalaya,2013,Escapees from Outside Prison,0,0,0
Meghalaya,2013,Escapees from Police Custody,0,0,0
Meghalaya,2013,Re-arrested escapees,1,0,1
Mizoram,2013,Escapees from Inside Prison,0,0,0
Mizoram,2013,Escapees from Outside Prison,2,0,2
Mizoram,2013,Escapees from Police Custody,2,0,2
Mizoram,2013,Re-arrested escapees,2,0,2
Nagaland,2013,Escapees from Inside Prison,0,0,0
Nagaland,2013,Escapees from Outside Prison,0,0,0
Nagaland,2013,Escapees from Police Custody,0,0,0
Nagaland,2013,Re-arrested escapees,0,0,0
Orissa,2013,Escapees from Inside Prison,10,0,10
Orissa,2013,Escapees from Outside Prison,0,0,0
Orissa,2013,Escapees from Police Custody,0,0,0
Orissa,2013,Re-arrested escapees,9,0,9
Punjab,2013,Escapees from Inside Prison,2,0,2
Punjab,2013,Escapees from Outside Prison,6,1,7
Punjab,2013,Escapees from Police Custody,34,0,34
Punjab,2013,Re-arrested escapees,18,0,18
Rajasthan,2013,Escapees from Inside Prison,11,0,11
Rajasthan,2013,Escapees from Outside Prison,10,0,10
Rajasthan,2013,Escapees from Police Custody,11,0,11
Rajasthan,2013,Re-arrested escapees,7,0,7
Sikkim,2013,Escapees from Inside Prison,0,0,0
Sikkim,2013,Escapees from Outside Prison,0,0,0
Sikkim,2013,Escapees from Police Custody,1,0,1
Sikkim,2013,Re-arrested escapees,1,0,1
Tamilnadu,2013,Escapees from Inside Prison,5,0,5
Tamilnadu,2013,Escapees from Outside Prison,0,0,0
Tamilnadu,2013,Escapees from Police Custody,5,0,5
Tamilnadu,2013,Re-arrested escapees,8,0,8
Tripura,2013,Escapees from Inside Prison,0,0,0
Tripura,2013,Escapees from Outside Prison,0,0,0
Tripura,2013,Escapees from Police Custody,0,0,0
Tripura,2013,Re-arrested escapees,0,0,0
Uttar Pradesh,2013,Escapees from Inside Prison,6,0,6
Uttar Pradesh,2013,Escapees from Outside Prison,7,0,7
Uttar Pradesh,2013,Escapees from Police Custody,59,0,59
Uttar Pradesh,2013,Re-arrested escapees,10,0,10
Uttaranchal,2013,Escapees from Inside Prison,0,0,0
Uttaranchal,2013,Escapees from Outside Prison,0,0,0
Uttaranchal,2013,Escapees from Police Custody,0,0,0
Uttaranchal,2013,Re-arrested escapees,0,0,0
West Bengal,2013,Escapees from Inside Prison,5,0,5
West Bengal,2013,Escapees from Outside Prison,0,0,0
West Bengal,2013,Escapees from Police Custody,19,0,19
West Bengal,2013,Re-arrested escapees,13,0,13
A & N Islands,2013,Escapees from Inside Prison,3,0,3
A & N Islands,2013,Escapees from Outside Prison,0,0,0
A & N Islands,2013,Escapees from Police Custody,0,0,0
A & N Islands,2013,Re-arrested escapees,3,0,3
Chandigarh,2013,Escapees from Inside Prison,0,0,0
Chandigarh,2013,Escapees from Outside Prison,1,0,1
Chandigarh,2013,Escapees from Police Custody,1,0,1
Chandigarh,2013,Re-arrested escapees,1,0,1
D & N Haveli,2013,Escapees from Inside Prison,0,0,0
D & N Haveli,2013,Escapees from Outside Prison,0,0,0
D & N Haveli,2013,Escapees from Police Custody,0,0,0
D & N Haveli,2013,Re-arrested escapees,0,0,0
Daman & Diu,2013,Escapees from Inside Prison,7,0,7
Daman & Diu,2013,Escapees from Outside Prison,0,0,0
Daman & Diu,2013,Escapees from Police Custody,1,0,1
Daman & Diu,2013,Re-arrested escapees,3,0,3
Delhi,2013,Escapees from Inside Prison,0,0,0
Delhi,2013,Escapees from Outside Prison,1,0,1
Delhi,2013,Escapees from Police Custody,3,0,3
Delhi,2013,Re-arrested escapees,2,0,2
Lakshadweep,2013,Escapees from Inside Prison,0,0,0
Lakshadweep,2013,Escapees from Outside Prison,0,0,0
Lakshadweep,2013,Escapees from Police Custody,0,0,0
Lakshadweep,2013,Re-arrested escapees,0,0,0
Pondicherry,2013,Escapees from Inside Prison,0,0,0
Pondicherry,2013,Escapees from Outside Prison,0,0,0
Pondicherry,2013,Escapees from Police Custody,0,0,0
Pondicherry,2013,Re-arrested escapees,0,0,0
